hotspot_id,junction_name,police_station,latitude_center,longitude_center,road_latitude,road_longitude,predicted_violation_count,risk_level,priority_score,congestion_impact_score,final_enforcement_score,recommended_enforcement_time,hour,prediction_date,traffic_data_source,live_traffic_score,traffic_delay_ratio,normal_duration_seconds,traffic_duration_seconds,current_speed_kmph,free_flow_speed_kmph,traffic_confidence,road_closure,dominant_vehicle_type,dominant_violation_type,dominant_offence_code,historical_total,historical_avg,lag_1_day_count,lag_7_day_count,rolling_7_day_avg,hotspot_avg_count,station_hour_avg_count
H204,Unmapped Location,K.R. Pura,13.007847,77.693117,0.0,0.0,9.46,High,98.52,95.11,97.16,7 PM - 9 PM,19,2024-04-09,proxy,0.0,1.0,0.0,0.0,0.0,0.0,0.0,False,CAR,WRONG PARKING,112,5590.0,1.53,0.0,8.0,14.29,1.53,0.74
H16,Unmapped Location,HSR Layout,12.902008,77.635836,0.0,0.0,4.83,High,97.04,94.74,96.12,8 PM - 10 PM,20,2024-04-09,proxy,0.0,1.0,0.0,0.0,0.0,0.0,0.0,False,CAR,WRONG PARKING,112,6247.0,1.71,0.0,15.0,8.29,1.71,0.59
H154,BTP051 - Safina Plaza Junction,Shivajinagar,12.983638,77.606792,0.0,0.0,27.22,High,99.51,87.63,94.76,5 AM - 7 AM,5,2024-04-09,proxy,0.0,1.0,0.0,0.0,0.0,0.0,0.0,False,SCOOTER,WRONG PARKING,112,33818.0,9.27,53.0,53.0,29.43,9.27,34.76
H5,Unmapped Location,Electronic City,12.84183,77.64608,0.0,0.0,3.27,High,95.57,92.19,94.22,7 AM - 9 AM,7,2024-04-09,proxy,0.0,1.0,0.0,0.0,0.0,0.0,0.0,False,SCOOTER,WRONG PARKING,112,2125.0,0.58,4.0,16.0,6.43,0.58,0.56
H269,Unmapped Location,Kodigehalli,13.047707,77.575627,0.0,0.0,3.85,High,96.06,91.26,94.14,8 PM - 10 PM,20,2024-04-09,proxy,0.0,1.0,0.0,0.0,0.0,0.0,0.0,False,MOTOR CYCLE,WRONG PARKING,112,1145.0,0.31,0.0,34.0,12.71,0.31,0.28
H318,Unmapped Location,Chikkajala,13.185396,77.680496,0.0,0.0,2.59,High,94.58,93.19,94.02,8 AM - 10 AM,8,2024-04-09,proxy,0.0,1.0,0.0,0.0,0.0,0.0,0.0,False,CAR,NO PARKING,113,5073.0,1.39,0.0,13.0,2.86,1.39,0.5
H121,Unmapped Location,Upparpet,12.980886,77.568936,0.0,0.0,94.72,High,100.0,84.5,93.8,5 AM - 7 AM,5,2024-04-09,proxy,0.0,1.0,0.0,0.0,0.0,0.0,0.0,False,SCOOTER,WRONG PARKING,112,133581.0,36.62,39.0,124.0,97.29,36.62,97.68
H81,Unmapped Location,HAL Old Airport,12.937089,77.691368,0.0,0.0,10.34,High,99.01,83.76,92.91,11 PM - 1 AM,23,2024-04-09,proxy,0.0,1.0,0.0,0.0,0.0,0.0,0.0,False,SCOOTER,NO PARKING,113,19869.0,5.45,0.0,9.0,6.71,5.45,5.49
H109,BTP108 - Tagore Park Junction,Basavanagudi,12.944262,77.571531,0.0,0.0,5.22,High,97.54,85.45,92.7,5 AM - 7 AM,5,2024-04-09,proxy,0.0,1.0,0.0,0.0,0.0,0.0,0.0,False,SCOOTER,WRONG PARKING,112,3520.0,0.96,4.0,2.0,11.29,0.96,1.11
H47,"BTP189 - New Diagonal Road, Jayanagar",Jayanagara,12.922753,77.581114,0.0,0.0,4.54,High,96.55,85.44,92.11,3 AM - 5 AM,3,2024-04-09,proxy,0.0,1.0,0.0,0.0,0.0,0.0,0.0,False,CAR,NO PARKING,113,4469.0,1.23,0.0,0.0,10.57,1.23,0.71
H293,Unmapped Location,Kodigehalli,13.070994,77.588443,0.0,0.0,7.48,High,98.03,83.04,92.03,3 AM - 5 AM,3,2024-04-09,proxy,0.0,1.0,0.0,0.0,0.0,0.0,0.0,False,SCOOTER,WRONG PARKING,112,6218.0,1.7,12.0,0.0,13.14,1.7,0.41
H87,Unmapped Location,Adugodi,12.934703,77.62163,0.0,0.0,3.06,High,95.07,86.55,91.66,6 AM - 8 AM,6,2024-04-09,proxy,0.0,1.0,0.0,0.0,0.0,0.0,0.0,False,CAR,NO PARKING,113,3110.0,0.85,0.0,3.0,5.57,0.85,1.13
H180,Unmapped Location,Banaswadi,12.993501,77.66237,0.0,0.0,1.34,High,90.15,87.88,89.24,7 AM - 9 AM,7,2024-04-09,proxy,0.0,1.0,0.0,0.0,0.0,0.0,0.0,False,SCOOTER,NO PARKING,113,929.0,0.25,0.0,7.0,2.57,0.25,0.08
H187,Unmapped Location,Mahadevapura,12.998361,77.672845,0.0,0.0,2.4,High,94.09,80.54,88.67,12 AM - 2 AM,0,2024-04-09,proxy,0.0,1.0,0.0,0.0,0.0,0.0,0.0,False,PASSENGER AUTO,NO PARKING,113,4136.0,1.13,0.0,12.0,4.43,1.13,0.25
H100,Unmapped Location,Wilson Garden,12.941426,77.587912,0.0,0.0,1.93,High,91.63,83.99,88.57,6 AM - 8 AM,6,2024-04-09,proxy,0.0,1.0,0.0,0.0,0.0,0.0,0.0,False,SCOOTER,NO PARKING,113,1612.0,0.44,1.0,4.0,4.71,0.44,0.33
H167,Unmapped Location,Whitefield,12.987433,77.734549,0.0,0.0,2.14,High,92.61,82.12,88.41,10 PM - 12 AM,22,2024-04-09,proxy,0.0,1.0,0.0,0.0,0.0,0.0,0.0,False,MOTOR CYCLE,PARKING ON FOOTPATH | WRONG PARKING,105 | 112,683.0,0.19,0.0,24.0,4.86,0.19,0.09
H127,Unmapped Location,HAL Old Airport,12.966069,77.715402,0.0,0.0,2.24,High,93.6,80.46,88.34,11 PM - 1 AM,23,2024-04-09,proxy,0.0,1.0,0.0,0.0,0.0,0.0,0.0,False,CAR,WRONG PARKING,112,4205.0,1.15,0.0,0.0,1.43,1.15,5.49
H247,Unmapped Location,Hebbala,13.035572,77.589065,0.0,0.0,2.15,High,93.1,79.8,87.78,4 AM - 6 AM,4,2024-04-09,proxy,0.0,1.0,0.0,0.0,0.0,0.0,0.0,False,SCOOTER,NO PARKING,113,3487.0,0.96,1.0,4.0,0.86,0.96,1.71
H178,BTP032 - Windsor Circle,High ground,12.992608,77.588964,0.0,0.0,1.16,High,88.18,86.8,87.63,10 PM - 12 AM,22,2024-04-09,proxy,0.0,1.0,0.0,0.0,0.0,0.0,0.0,False,SCOOTER,WRONG PARKING,112,3030.0,0.83,0.0,0.0,0.0,0.83,2.33
H70,BTP137 - Madiwala Traffic PS Junction,Madiwala,12.924028,77.619677,0.0,0.0,0.95,High,85.71,89.52,87.23,7 PM - 9 PM,19,2024-04-09,proxy,0.0,1.0,0.0,0.0,0.0,0.0,0.0,False,CAR,NO PARKING,113,930.0,0.25,0.0,0.0,2.57,0.25,0.31
H193,Unmapped Location,Rajajinagar,13.013177,77.529494,0.0,0.0,1.94,High,92.12,78.06,86.5,5 AM - 7 AM,5,2024-04-09,proxy,0.0,1.0,0.0,0.0,0.0,0.0,0.0,False,CAR,WRONG PARKING,112,1499.0,0.41,16.0,6.0,4.29,0.41,0.53
H95,BTP096 - Gali Anjaneya Temple,Byatarayanapura,12.948376,77.535457,0.0,0.0,1.32,High,89.66,81.32,86.32,4 AM - 6 AM,4,2024-04-09,proxy,0.0,1.0,0.0,0.0,0.0,0.0,0.0,False,SCOOTER,WRONG PARKING,112,2874.0,0.79,5.0,0.0,1.43,0.79,0.71
H184,Unmapped Location,Mahadevapura,12.995878,77.695216,0.0,0.0,1.69,High,91.13,77.91,85.84,1 AM - 3 AM,1,2024-04-09,proxy,0.0,1.0,0.0,0.0,0.0,0.0,0.0,False,PASSENGER AUTO,WRONG PARKING,112,1710.0,0.47,0.0,0.0,5.57,0.47,0.37
H89,BTP155 - Katriguppe Junction,Banashankari,12.926699,77.550743,0.0,0.0,1.23,High,88.67,80.66,85.47,10 PM - 12 AM,22,2024-04-09,proxy,0.0,1.0,0.0,0.0,0.0,0.0,0.0,False,SCOOTER,NO PARKING,113,339.0,0.09,0.0,17.0,2.43,0.09,0.09
H237,Unmapped Location,Sadashivanagar,13.02783,77.574811,0.0,0.0,1.4,High,90.64,77.11,85.23,2 AM - 4 AM,2,2024-04-09,proxy,0.0,1.0,0.0,0.0,0.0,0.0,0.0,False,CAR,WRONG PARKING,112,1256.0,0.34,1.0,24.0,3.57,0.34,0.27
H142,Unmapped Location,Jeevanbheemanagar,12.969165,77.643556,0.0,0.0,1.29,High,89.16,77.45,84.48,12 AM - 2 AM,0,2024-04-09,proxy,0.0,1.0,0.0,0.0,0.0,0.0,0.0,False,CAR,NO PARKING,113,2624.0,0.72,7.0,0.0,1.71,0.72,0.45
H73,"BTP202 - East End Main Road, Jayanagar",Jayanagara,12.917164,77.596067,0.0,0.0,1.16,High,87.68,78.05,83.83,9 PM - 11 PM,21,2024-04-09,proxy,0.0,1.0,0.0,0.0,0.0,0.0,0.0,False,CAR,NO PARKING | WRONG PARKING | PARKING ON FOOTPATH,113 | 112 | 105,241.0,0.07,0.0,0.0,2.86,0.07,0.57
H305,Unmapped Location,Yelahanka,13.097211,77.59929,0.0,0.0,0.9,High,82.76,84.41,83.42,7 PM - 9 PM,19,2024-04-09,proxy,0.0,1.0,0.0,0.0,0.0,0.0,0.0,False,SCOOTER,WRONG PARKING,112,859.0,0.24,0.0,0.0,2.29,0.24,0.11
H129,Unmapped Location,Jeevanbheemanagar,12.959957,77.645235,0.0,0.0,0.93,High,84.24,80.95,82.92,10 PM - 12 AM,22,2024-04-09,proxy,0.0,1.0,0.0,0.0,0.0,0.0,0.0,False,PASSENGER AUTO,NO PARKING,113,1840.0,0.5,0.0,3.0,0.57,0.5,0.35
H208,Unmapped Location,Pulikeshinagar(F.Town),13.006701,77.621242,0.0,0.0,1.1,High,86.7,75.48,82.21,6 PM - 8 PM,18,2024-04-09,proxy,0.0,1.0,0.0,0.0,0.0,0.0,0.0,False,SCOOTER,NO PARKING,113,109.0,0.03,0.0,0.0,3.0,0.03,0.03
H116,"BTP123 - 10th Cross, Wilson Garden",Wilson Garden,12.949892,77.597304,0.0,0.0,1.15,High,87.19,72.55,81.33,2 AM - 4 AM,2,2024-04-09,proxy,0.0,1.0,0.0,0.0,0.0,0.0,0.0,False,CAR,WRONG PARKING,112,259.0,0.07,0.0,16.0,2.29,0.07,0.33
H226,Unmapped Location,R.T. Nagar,13.024699,77.585266,0.0,0.0,1.0,High,86.21,73.67,81.19,5 AM - 7 AM,5,2024-04-09,proxy,0.0,1.0,0.0,0.0,0.0,0.0,0.0,False,CAR,WRONG PARKING,112,724.0,0.2,0.0,0.0,2.86,0.2,0.21
H312,Unmapped Location,Yelahanka,13.121365,77.6154,0.0,0.0,0.8,High,80.79,78.75,79.97,8 PM - 10 PM,20,2024-04-09,proxy,0.0,1.0,0.0,0.0,0.0,0.0,0.0,False,MAXI-CAB,WRONG PARKING,112,273.0,0.07,0.0,7.0,1.0,0.07,0.18
H80,Unmapped Location,Mico Layout,12.931504,77.607033,0.0,0.0,0.92,High,83.74,74.15,79.9,5 AM - 7 AM,5,2024-04-09,proxy,0.0,1.0,0.0,0.0,0.0,0.0,0.0,False,SCOOTER,NO PARKING,113,1427.0,0.39,0.0,3.0,0.86,0.39,0.4
H128,Unmapped Location,Byatarayanapura,12.957392,77.518702,0.0,0.0,0.84,High,81.77,75.94,79.44,6 AM - 8 AM,6,2024-04-09,proxy,0.0,1.0,0.0,0.0,0.0,0.0,0.0,False,SCOOTER,WRONG PARKING,112,546.0,0.15,0.0,0.0,2.57,0.15,1.26
H101,BTP216 - Yediyur Junction,Basavanagudi,12.938302,77.578005,0.0,0.0,0.9,High,83.25,71.94,78.73,2 AM - 4 AM,2,2024-04-09,proxy,0.0,1.0,0.0,0.0,0.0,0.0,0.0,False,CAR,NO PARKING,113,322.0,0.09,0.0,2.0,2.29,0.09,0.41
H15,Unmapped Location,Hulimavu,12.875978,77.595827,0.0,0.0,0.65,High,76.85,80.3,78.23,7 PM - 9 PM,19,2024-04-09,proxy,0.0,1.0,0.0,0.0,0.0,0.0,0.0,False,SCOOTER,NO PARKING,113,576.0,0.16,0.0,0.0,2.0,0.16,0.04
H51,BTP130 - GD Mara Junction,Mico Layout,12.908013,77.600823,0.0,0.0,0.65,High,77.34,78.46,77.79,10 PM - 12 AM,22,2024-04-09,proxy,0.0,1.0,0.0,0.0,0.0,0.0,0.0,False,SCOOTER,NO PARKING,113,618.0,0.17,0.0,0.0,1.86,0.17,0.3
H151,Unmapped Location,Mahadevapura,12.978926,77.695305,0.0,0.0,0.76,High,78.82,74.9,77.25,10 PM - 12 AM,22,2024-04-09,proxy,0.0,1.0,0.0,0.0,0.0,0.0,0.0,False,MAXI-CAB,NO PARKING,113,568.0,0.16,0.0,0.0,2.0,0.16,0.25
H202,Unmapped Location,K.R. Pura,13.003463,77.723496,0.0,0.0,0.86,High,82.27,69.37,77.11,10 PM - 12 AM,22,2024-04-09,proxy,0.0,1.0,0.0,0.0,0.0,0.0,0.0,False,SCOOTER,PARKING IN A MAIN ROAD | WRONG PARKING,107 | 112,148.0,0.04,0.0,5.0,0.71,0.04,0.16
H38,Unmapped Location,Bellandur,12.900531,77.675528,0.0,0.0,0.6,High,74.88,80.43,77.1,8 PM - 10 PM,20,2024-04-09,proxy,0.0,1.0,0.0,0.0,0.0,0.0,0.0,False,CAR,NO PARKING,113,691.0,0.19,0.0,3.0,0.43,0.19,0.04
H291,Unmapped Location,Hennuru,13.063791,77.650648,0.0,0.0,0.94,High,85.22,62.89,76.29,6 AM - 8 AM,6,2024-04-09,proxy,0.0,1.0,0.0,0.0,0.0,0.0,0.0,False,CAR,WRONG PARKING,112,47.0,0.01,0.0,0.0,2.86,0.01,0.04
H261,Unmapped Location,Peenya,13.045437,77.507001,0.0,0.0,0.6,High,75.37,76.02,75.63,5 PM - 7 PM,17,2024-04-09,proxy,0.0,1.0,0.0,0.0,0.0,0.0,0.0,False,PASSENGER AUTO,WRONG PARKING,112,266.0,0.07,0.0,8.0,1.14,0.07,0.01
H177,Unmapped Location,Kamakshipalya,12.989556,77.503163,0.0,0.0,0.76,High,79.8,68.62,75.33,5 AM - 7 AM,5,2024-04-09,proxy,0.0,1.0,0.0,0.0,0.0,0.0,0.0,False,SCOOTER,NO PARKING,113,483.0,0.13,11.0,0.0,1.71,0.13,0.15
H57,Unmapped Location,HSR Layout,12.910827,77.644618,0.0,0.0,0.82,High,81.28,65.24,74.86,5 AM - 7 AM,5,2024-04-09,proxy,0.0,1.0,0.0,0.0,0.0,0.0,0.0,False,CAR,NO PARKING,113,227.0,0.06,0.0,7.0,1.0,0.06,0.88
H4,Unmapped Location,Electronic City,12.840459,77.676885,0.0,0.0,0.76,High,79.31,67.96,74.77,5 AM - 7 AM,5,2024-04-09,proxy,0.0,1.0,0.0,0.0,0.0,0.0,0.0,False,SCOOTER,NO PARKING,113,420.0,0.12,0.0,7.0,1.0,0.12,0.16
H207,Unmapped Location,Sadashivanagar,13.006929,77.579611,0.0,0.0,0.79,High,80.3,65.66,74.44,11 PM - 1 AM,23,2024-04-09,proxy,0.0,1.0,0.0,0.0,0.0,0.0,0.0,False,CAR,NO PARKING,113,251.0,0.07,0.0,7.0,1.0,0.07,0.17
H149,Unmapped Location,Jeevanbheemanagar,12.97176,77.658085,0.0,0.0,0.64,High,76.35,70.54,74.03,3 AM - 5 AM,3,2024-04-09,proxy,0.0,1.0,0.0,0.0,0.0,0.0,0.0,False,SCOOTER,NO PARKING,113,1239.0,0.34,4.0,0.0,0.86,0.34,0.49
H242,Unmapped Location,Kodigehalli,13.029172,77.580959,0.0,0.0,0.93,High,84.73,57.11,73.68,5 AM - 7 AM,5,2024-04-09,proxy,0.0,1.0,0.0,0.0,0.0,0.0,0.0,False,CAR,WRONG PARKING,112,50.0,0.01,0.0,0.0,4.0,0.01,1.19
H270,Unmapped Location,Kodigehalli,13.049995,77.593115,0.0,0.0,0.52,Medium,71.43,77.0,73.66,8 PM - 10 PM,20,2024-04-09,proxy,0.0,1.0,0.0,0.0,0.0,0.0,0.0,False,CAR,NO PARKING,113,487.0,0.13,0.0,2.0,0.71,0.13,0.28
H20,Unmapped Location,J.P. Nagar,12.882908,77.596606,0.0,0.0,0.57,High,74.38,72.4,73.59,8 PM - 10 PM,20,2024-04-09,proxy,0.0,1.0,0.0,0.0,0.0,0.0,0.0,False,SCOOTER,WRONG PARKING,112,170.0,0.05,0.0,3.0,0.43,0.05,0.02
H25,Unmapped Location,Thalagattapura,12.888569,77.562682,0.0,0.0,0.61,High,75.86,65.69,71.79,4 AM - 6 AM,4,2024-04-09,proxy,0.0,1.0,0.0,0.0,0.0,0.0,0.0,False,SCOOTER,NO PARKING,113,380.0,0.1,7.0,0.0,1.43,0.1,0.11
H276,Unmapped Location,No Police Station,13.05254,77.486796,0.0,0.0,0.67,High,77.83,62.32,71.63,6 AM - 8 AM,6,2024-04-09,proxy,0.0,1.0,0.0,0.0,0.0,0.0,0.0,False,CAR,WRONG PARKING,112,67.0,0.02,0.0,0.0,3.0,0.02,0.06
H289,Unmapped Location,Hennuru,13.060388,77.652078,0.0,0.0,0.74,High,78.33,56.69,69.67,5 AM - 7 AM,5,2024-04-09,proxy,0.0,1.0,0.0,0.0,0.0,0.0,0.0,False,CAR,NO PARKING,113,70.0,0.02,0.0,0.0,2.71,0.02,0.05
H120,Unmapped Location,Whitefield,12.95144,77.717462,0.0,0.0,0.53,Medium,72.91,64.65,69.61,3 AM - 5 AM,3,2024-04-09,proxy,0.0,1.0,0.0,0.0,0.0,0.0,0.0,False,SCOOTER,PARKING IN A MAIN ROAD | WRONG PARKING,107 | 112,399.0,0.11,0.0,0.0,2.14,0.11,0.08
H59,Unmapped Location,Bellandur,12.912428,77.680932,0.0,0.0,0.53,Medium,72.41,65.15,69.51,3 AM - 5 AM,3,2024-04-09,proxy,0.0,1.0,0.0,0.0,0.0,0.0,0.0,False,CAR,NO PARKING,113,480.0,0.13,0.0,0.0,2.0,0.13,0.08
H132,Unmapped Location,HAL Old Airport,12.958681,77.668075,0.0,0.0,0.49,Medium,69.95,68.6,69.41,10 PM - 12 AM,22,2024-04-09,proxy,0.0,1.0,0.0,0.0,0.0,0.0,0.0,False,SCOOTER,WRONG PARKING,112,324.0,0.09,0.0,0.0,0.0,0.09,5.3
H52,Unmapped Location,Bellandur,12.906829,77.696611,0.0,0.0,0.57,High,73.4,61.4,68.6,4 AM - 6 AM,4,2024-04-09,proxy,0.0,1.0,0.0,0.0,0.0,0.0,0.0,False,SCOOTER,WRONG PARKING,112,217.0,0.06,0.0,3.0,0.43,0.06,0.13
H138,Unmapped Location,Jnanabharathi,12.960981,77.511594,0.0,0.0,0.46,Medium,69.46,64.25,67.38,5 AM - 7 AM,5,2024-04-09,proxy,0.0,1.0,0.0,0.0,0.0,0.0,0.0,False,CAR,NO PARKING,113,491.0,0.13,0.0,2.0,0.71,0.13,0.11
H278,Unmapped Location,Kodigehalli,13.056735,77.59253,0.0,0.0,0.45,Medium,68.97,64.32,67.11,5 AM - 7 AM,5,2024-04-09,proxy,0.0,1.0,0.0,0.0,0.0,0.0,0.0,False,CAR,WRONG PARKING,112,554.0,0.15,4.0,0.0,0.57,0.15,1.19
H274,Unmapped Location,Jalahalli,13.050954,77.55268,0.0,0.0,0.5,Medium,70.94,59.86,66.51,5 AM - 7 AM,5,2024-04-09,proxy,0.0,1.0,0.0,0.0,0.0,0.0,0.0,False,SCOOTER,NO PARKING,113,196.0,0.05,0.0,4.0,0.57,0.05,0.15
H13,Unmapped Location,Electronic City,12.870561,77.654871,0.0,0.0,0.32,Medium,61.08,73.06,65.87,7 AM - 9 AM,7,2024-04-09,proxy,0.0,1.0,0.0,0.0,0.0,0.0,0.0,False,CAR,WRONG PARKING,112,575.0,0.16,0.0,0.0,1.14,0.16,0.56
H190,BTP032 - Windsor Circle,Sheshadripuram,12.997254,77.583386,0.0,0.0,0.38,Medium,65.02,66.62,65.66,2 AM - 4 AM,2,2024-04-09,proxy,0.0,1.0,0.0,0.0,0.0,0.0,0.0,False,CAR,NO PARKING,113,582.0,0.16,0.0,0.0,1.29,0.16,0.18
H1,Unmapped Location,Electronic City,12.81933,77.688475,0.0,0.0,0.45,Medium,68.47,60.77,65.39,3 AM - 5 AM,3,2024-04-09,proxy,0.0,1.0,0.0,0.0,0.0,0.0,0.0,False,SCOOTER,PARKING IN A MAIN ROAD | WRONG PARKING,107 | 112,265.0,0.07,5.0,0.0,0.71,0.07,0.08
H324,Unmapped Location,Devanahalli Airport,13.244788,77.71325,0.0,0.0,0.52,Medium,71.92,54.96,65.14,4 AM - 6 AM,4,2024-04-09,proxy,0.0,1.0,0.0,0.0,0.0,0.0,0.0,False,CAR,NO PARKING,113,86.0,0.02,0.0,0.0,1.86,0.02,0.03
H71,Unmapped Location,Bellandur,12.917427,77.672202,0.0,0.0,0.34,Medium,61.58,70.4,65.11,7 AM - 9 AM,7,2024-04-09,proxy,0.0,1.0,0.0,0.0,0.0,0.0,0.0,False,CAR,WRONG PARKING,112,304.0,0.08,3.0,0.0,0.43,0.08,0.11
H12,Unmapped Location,Thalagattapura,12.874341,77.541463,0.0,0.0,0.42,Medium,67.49,60.91,64.86,5 AM - 7 AM,5,2024-04-09,proxy,0.0,1.0,0.0,0.0,0.0,0.0,0.0,False,CAR,WRONG PARKING,112,297.0,0.08,1.0,0.0,1.43,0.08,0.27
H282,Unmapped Location,Jalahalli,13.057288,77.546945,0.0,0.0,0.43,Medium,67.98,58.96,64.37,5 AM - 7 AM,5,2024-04-09,proxy,0.0,1.0,0.0,0.0,0.0,0.0,0.0,False,CAR,NO PARKING,113,217.0,0.06,0.0,3.0,0.43,0.06,0.15
H119,Unmapped Location,HAL Old Airport,12.950108,77.689734,0.0,0.0,0.49,Medium,70.44,53.93,63.84,10 PM - 12 AM,22,2024-04-09,proxy,0.0,1.0,0.0,0.0,0.0,0.0,0.0,False,CAR,NO PARKING,113,31.0,0.01,0.0,0.0,0.0,0.01,5.3
H267,Unmapped Location,Jalahalli,13.04786,77.542821,0.0,0.0,0.4,Medium,66.5,59.82,63.83,6 AM - 8 AM,6,2024-04-09,proxy,0.0,1.0,0.0,0.0,0.0,0.0,0.0,False,CAR,WRONG PARKING | NO PARKING | PARKING IN A MAIN ROAD,112 | 113 | 107,102.0,0.03,0.0,3.0,0.43,0.03,0.08
H214,Unmapped Location,Rajajinagar,13.010567,77.536047,0.0,0.0,0.57,High,73.89,48.18,63.61,5 AM - 7 AM,5,2024-04-09,proxy,0.0,1.0,0.0,0.0,0.0,0.0,0.0,False,PRIVATE BUS,NO PARKING,113,22.0,0.01,0.0,3.0,0.71,0.01,0.53
H263,Unmapped Location,Hennuru,13.045509,77.627118,0.0,0.0,0.36,Medium,62.56,63.61,62.98,7 AM - 9 AM,7,2024-04-09,proxy,0.0,1.0,0.0,0.0,0.0,0.0,0.0,False,SCOOTER,NO PARKING,113,97.0,0.03,0.0,0.0,1.29,0.03,0.03
H156,Unmapped Location,Jeevanbheemanagar,12.979143,77.640362,0.0,0.0,0.28,Medium,59.11,67.62,62.51,9 PM - 11 PM,21,2024-04-09,proxy,0.0,1.0,0.0,0.0,0.0,0.0,0.0,False,SCOOTER,NO PARKING,113,740.0,0.2,0.0,0.0,0.71,0.2,0.24
H134,Unmapped Location,Byatarayanapura,12.960807,77.528353,0.0,0.0,0.27,Medium,58.62,68.27,62.48,6 AM - 8 AM,6,2024-04-09,proxy,0.0,1.0,0.0,0.0,0.0,0.0,0.0,False,SCOOTER,WRONG PARKING,112,1007.0,0.28,0.0,0.0,0.0,0.28,1.26
H192,Unmapped Location,Pulikeshinagar(F.Town),12.999248,77.624688,0.0,0.0,0.38,Medium,65.52,57.71,62.4,5 AM - 7 AM,5,2024-04-09,proxy,0.0,1.0,0.0,0.0,0.0,0.0,0.0,False,CAR,NO PARKING,113,212.0,0.06,0.0,2.0,0.29,0.06,0.21
H285,Unmapped Location,Kodigehalli,13.062721,77.58902,0.0,0.0,0.31,Medium,60.1,62.64,61.12,5 AM - 7 AM,5,2024-04-09,proxy,0.0,1.0,0.0,0.0,0.0,0.0,0.0,False,CAR,WRONG PARKING,112,950.0,0.26,0.0,0.0,0.0,0.26,1.19
H199,Unmapped Location,Mahadevapura,13.004555,77.75711,0.0,0.0,0.37,Medium,64.04,55.89,60.78,2 AM - 4 AM,2,2024-04-09,proxy,0.0,1.0,0.0,0.0,0.0,0.0,0.0,False,CAR,NO PARKING,113,174.0,0.05,0.0,0.0,1.29,0.05,0.27
H31,Unmapped Location,J.P. Nagar,12.894806,77.599124,0.0,0.0,0.36,Medium,63.05,56.02,60.24,1 AM - 3 AM,1,2024-04-09,proxy,0.0,1.0,0.0,0.0,0.0,0.0,0.0,False,CAR,NO PARKING,113,192.0,0.05,0.0,0.0,1.43,0.05,0.14
H106,BTP126 - Dairy Circle,Wilson Garden,12.938161,77.59858,0.0,0.0,0.41,Medium,67.0,49.31,59.92,4 AM - 6 AM,4,2024-04-09,proxy,0.0,1.0,0.0,0.0,0.0,0.0,0.0,False,PASSENGER AUTO,NO PARKING,113,27.0,0.01,0.0,2.0,0.57,0.01,0.25
H175,BTP054 - Shivananda Circle,High ground,12.987734,77.582504,0.0,0.0,0.37,Medium,63.55,53.9,59.69,10 PM - 12 AM,22,2024-04-09,proxy,0.0,1.0,0.0,0.0,0.0,0.0,0.0,False,CAR,NO PARKING,113,28.0,0.01,0.0,0.0,0.0,0.01,2.33
H169,Unmapped Location,Pulikeshinagar(F.Town),12.987441,77.618681,0.0,0.0,0.26,Medium,58.13,60.68,59.15,6 AM - 8 AM,6,2024-04-09,proxy,0.0,1.0,0.0,0.0,0.0,0.0,0.0,False,CAR,NO PARKING,113,221.0,0.06,2.0,0.0,0.29,0.06,0.08
H297,Unmapped Location,Hennuru,13.068785,77.626051,0.0,0.0,0.39,Medium,66.01,48.25,58.91,4 AM - 6 AM,4,2024-04-09,proxy,0.0,1.0,0.0,0.0,0.0,0.0,0.0,False,SCOOTER,NO PARKING,113,47.0,0.01,0.0,0.0,1.29,0.01,0.01
H46,Unmapped Location,HSR Layout,12.903501,77.642076,0.0,0.0,0.37,Medium,64.53,49.17,58.39,5 AM - 7 AM,5,2024-04-09,proxy,0.0,1.0,0.0,0.0,0.0,0.0,0.0,False,LGV,WRONG PARKING,112,58.0,0.02,0.0,0.0,1.14,0.02,0.88
H222,Unmapped Location,R.T. Nagar,13.022023,77.592294,0.0,0.0,0.26,Medium,56.16,59.86,57.64,5 AM - 7 AM,5,2024-04-09,proxy,0.0,1.0,0.0,0.0,0.0,0.0,0.0,False,CAR,WRONG PARKING,112,685.0,0.19,0.0,1.0,0.14,0.19,0.21
H319,Unmapped Location,Chikkajala,13.191236,77.646216,0.0,0.0,0.24,Medium,53.69,59.9,56.17,5 AM - 7 AM,5,2024-04-09,proxy,0.0,1.0,0.0,0.0,0.0,0.0,0.0,False,CAR,NO PARKING,113,951.0,0.26,0.0,0.0,0.0,0.26,0.5
H183,Unmapped Location,Mahadevapura,12.993206,77.716741,0.0,0.0,0.24,Medium,53.2,60.41,56.08,8 AM - 10 AM,8,2024-04-09,proxy,0.0,1.0,0.0,0.0,0.0,0.0,0.0,False,CAR,WRONG PARKING,112,109.0,0.03,0.0,0.0,1.0,0.03,0.08
H102,Unmapped Location,Banashankari,12.938157,77.533259,0.0,0.0,0.31,Medium,60.59,48.41,55.72,11 PM - 1 AM,23,2024-04-09,proxy,0.0,1.0,0.0,0.0,0.0,0.0,0.0,False,MOTOR CYCLE,WRONG PARKING,112,66.0,0.02,0.0,2.0,0.29,0.02,0.06
H255,Unmapped Location,Peenya,13.040349,77.517673,0.0,0.0,0.22,Medium,51.72,61.69,55.71,10 PM - 12 AM,22,2024-04-09,proxy,0.0,1.0,0.0,0.0,0.0,0.0,0.0,False,CAR,NO PARKING,113,476.0,0.13,0.0,0.0,0.71,0.13,0.09
H283,Unmapped Location,No Police Station,13.057351,77.47248,0.0,0.0,0.35,Medium,62.07,45.61,55.49,11 PM - 1 AM,23,2024-04-09,proxy,0.0,1.0,0.0,0.0,0.0,0.0,0.0,False,CAR,WRONG PARKING,112,41.0,0.01,0.0,0.0,1.29,0.01,0.04
H69,"BTP164 - 29th Main Road, BTM Layout",Mico Layout,12.915407,77.615747,0.0,0.0,0.26,Medium,57.14,52.17,55.15,6 AM - 8 AM,6,2024-04-09,proxy,0.0,1.0,0.0,0.0,0.0,0.0,0.0,False,SCOOTER,WRONG PARKING,112,36.0,0.01,0.0,0.0,0.86,0.01,0.51
H212,Unmapped Location,Peenya,13.010751,77.506287,0.0,0.0,0.3,Medium,59.61,48.26,55.07,3 AM - 5 AM,3,2024-04-09,proxy,0.0,1.0,0.0,0.0,0.0,0.0,0.0,False,PASSENGER AUTO,WRONG PARKING,112,70.0,0.02,0.0,0.0,1.43,0.02,0.06
H35,Unmapped Location,Whitefield,12.896649,77.720051,0.0,0.0,0.26,Medium,55.67,52.12,54.25,2 AM - 4 AM,2,2024-04-09,proxy,0.0,1.0,0.0,0.0,0.0,0.0,0.0,False,SCOOTER,WRONG PARKING,112,174.0,0.05,2.0,0.0,0.29,0.05,0.15
H236,Unmapped Location,K.G. Halli,13.025641,77.628868,0.0,0.0,0.25,Medium,54.19,54.07,54.14,8 AM - 10 AM,8,2024-04-09,proxy,0.0,1.0,0.0,0.0,0.0,0.0,0.0,False,CAR,WRONG PARKING,112,41.0,0.01,2.0,0.0,0.29,0.01,0.01
H143,Unmapped Location,Whitefield,12.96795,77.749604,0.0,0.0,0.26,Medium,55.17,49.88,53.05,11 PM - 1 AM,23,2024-04-09,proxy,0.0,1.0,0.0,0.0,0.0,0.0,0.0,False,CAR,PARKING IN A MAIN ROAD | NO PARKING,107 | 113,120.0,0.03,0.0,0.0,0.71,0.03,0.08
H84,Unmapped Location,HSR Layout,12.92333,77.651112,0.0,0.0,0.25,Medium,54.68,50.38,52.96,5 AM - 7 AM,5,2024-04-09,proxy,0.0,1.0,0.0,0.0,0.0,0.0,0.0,False,CAR,NO PARKING,113,133.0,0.04,0.0,1.0,0.43,0.04,0.88
H189,Unmapped Location,R.T. Nagar,12.995308,77.602422,0.0,0.0,0.26,Medium,56.65,46.42,52.56,10 PM - 12 AM,22,2024-04-09,proxy,0.0,1.0,0.0,0.0,0.0,0.0,0.0,False,CAR,NO PARKING,113,22.0,0.01,0.0,0.0,0.71,0.01,0.19
H287,Unmapped Location,Kodigehalli,13.060705,77.576686,0.0,0.0,0.21,Medium,50.74,54.32,52.17,6 AM - 8 AM,6,2024-04-09,proxy,0.0,1.0,0.0,0.0,0.0,0.0,0.0,False,CAR,WRONG PARKING,112,127.0,0.03,0.0,1.0,0.14,0.03,1.24
H272,Unmapped Location,Hennuru,13.049927,77.630144,0.0,0.0,0.23,Medium,52.22,50.5,51.53,9 PM - 11 PM,21,2024-04-09,proxy,0.0,1.0,0.0,0.0,0.0,0.0,0.0,False,MOTOR CYCLE,NO PARKING,113,64.0,0.02,0.0,0.0,0.71,0.02,0.03
H219,Unmapped Location,Rajajinagar,13.013151,77.534696,0.0,0.0,0.26,Medium,57.64,41.74,51.28,5 AM - 7 AM,5,2024-04-09,proxy,0.0,1.0,0.0,0.0,0.0,0.0,0.0,False,VAN,NO PARKING,113,28.0,0.01,0.0,0.0,0.86,0.01,0.53
H213,BTP030 - Mekhri Circle,Sadashivanagar,13.010829,77.583583,0.0,0.0,0.23,Medium,52.71,47.5,50.63,11 PM - 1 AM,23,2024-04-09,proxy,0.0,1.0,0.0,0.0,0.0,0.0,0.0,False,CAR,WRONG PARKING,112,59.0,0.02,0.0,0.0,0.86,0.02,0.17
H77,Unmapped Location,HSR Layout,12.920146,77.645033,0.0,0.0,0.22,Medium,51.23,46.8,49.46,5 AM - 7 AM,5,2024-04-09,proxy,0.0,1.0,0.0,0.0,0.0,0.0,0.0,False,CAR,NO PARKING,113,100.0,0.03,0.0,1.0,0.29,0.03,0.88
H91,"BTP127 - Sagar Hospital, Jayanagar",Jayanagara,12.927339,77.597108,0.0,0.0,0.2,Medium,50.25,46.68,48.82,5 AM - 7 AM,5,2024-04-09,proxy,0.0,1.0,0.0,0.0,0.0,0.0,0.0,False,CAR,NO PARKING,113,61.0,0.02,1.0,0.0,0.14,0.02,0.58
H64,Unmapped Location,HSR Layout,12.915674,77.651698,0.0,0.0,0.17,Medium,43.84,55.4,48.46,6 AM - 8 AM,6,2024-04-09,proxy,0.0,1.0,0.0,0.0,0.0,0.0,0.0,False,SCOOTER,NO PARKING,113,256.0,0.07,1.0,0.0,0.14,0.07,0.78
H246,Unmapped Location,Sadashivanagar,13.035985,77.567288,0.0,0.0,0.2,Medium,49.26,45.63,47.81,1 AM - 3 AM,1,2024-04-09,proxy,0.0,1.0,0.0,0.0,0.0,0.0,0.0,False,CAR,NO PARKING,113,97.0,0.03,0.0,0.0,0.71,0.03,0.14
H104,Unmapped Location,Basavanagudi,12.938113,77.556209,0.0,0.0,0.2,Medium,49.75,42.24,46.75,4 AM - 6 AM,4,2024-04-09,proxy,0.0,1.0,0.0,0.0,0.0,0.0,0.0,False,CAR,WRONG PARKING,112,56.0,0.02,0.0,1.0,0.29,0.02,0.75
H277,Unmapped Location,K.R. Pura,13.054275,77.762915,0.0,0.0,0.18,Medium,47.29,45.46,46.56,5 AM - 7 AM,5,2024-04-09,proxy,0.0,1.0,0.0,0.0,0.0,0.0,0.0,False,MOTOR CYCLE,WRONG PARKING,112,105.0,0.03,0.0,1.0,0.14,0.03,0.48
H105,Unmapped Location,Wilson Garden,12.938269,77.592626,0.0,0.0,0.18,Medium,46.8,45.39,46.24,2 AM - 4 AM,2,2024-04-09,proxy,0.0,1.0,0.0,0.0,0.0,0.0,0.0,False,VAN,NO PARKING,113,106.0,0.03,1.0,0.0,0.29,0.03,0.33
H66,Unmapped Location,Mico Layout,12.913772,77.606666,0.0,0.0,0.15,Medium,38.42,57.59,46.09,6 AM - 8 AM,6,2024-04-09,proxy,0.0,1.0,0.0,0.0,0.0,0.0,0.0,False,SCOOTER,NO PARKING,113,636.0,0.17,0.0,0.0,0.57,0.17,0.51
H139,"BTP093 - Toll Gate, Mysore Road",Magadi Road,12.960997,77.550967,0.0,0.0,0.19,Medium,48.77,41.54,45.88,12 AM - 2 AM,0,2024-04-09,proxy,0.0,1.0,0.0,0.0,0.0,0.0,0.0,False,CAR,NO PARKING,113,30.0,0.01,0.0,0.0,1.14,0.01,0.05
H251,Unmapped Location,Kodigehalli,13.036599,77.574788,0.0,0.0,0.18,Medium,45.32,46.45,45.77,5 AM - 7 AM,5,2024-04-09,proxy,0.0,1.0,0.0,0.0,0.0,0.0,0.0,False,MOTOR CYCLE,WRONG PARKING,112,141.0,0.04,0.0,0.0,0.0,0.04,1.19
H103,Unmapped Location,Whitefield,12.938252,77.746803,0.0,0.0,0.19,Medium,47.78,42.22,45.56,4 AM - 6 AM,4,2024-04-09,proxy,0.0,1.0,0.0,0.0,0.0,0.0,0.0,False,SCOOTER,PARKING IN A MAIN ROAD | WRONG PARKING,107 | 112,62.0,0.02,1.0,0.0,0.14,0.02,0.11
H262,Unmapped Location,K.R. Pura,13.045834,77.75028,0.0,0.0,0.17,Medium,42.86,48.09,44.95,4 AM - 6 AM,4,2024-04-09,proxy,0.0,1.0,0.0,0.0,0.0,0.0,0.0,False,CAR,NO PARKING,113,228.0,0.06,0.0,1.0,0.14,0.06,0.24
H268,Unmapped Location,Chikkabanavara,13.048453,77.498213,0.0,0.0,0.15,Medium,37.93,54.77,44.67,6 AM - 8 AM,6,2024-04-09,proxy,0.0,1.0,0.0,0.0,0.0,0.0,0.0,False,SCOOTER,WRONG PARKING,112,388.0,0.11,1.0,0.0,0.14,0.11,0.23
H290,Unmapped Location,No Police Station,13.060787,77.461243,0.0,0.0,0.19,Medium,48.28,39.12,44.62,5 AM - 7 AM,5,2024-04-09,proxy,0.0,1.0,0.0,0.0,0.0,0.0,0.0,False,CAR,WRONG PARKING,112,39.0,0.01,0.0,1.0,0.43,0.01,0.03
H258,Unmapped Location,Kodigehalli,13.04311,77.590522,0.0,0.0,0.18,Medium,46.31,41.84,44.52,5 AM - 7 AM,5,2024-04-09,proxy,0.0,1.0,0.0,0.0,0.0,0.0,0.0,False,PASSENGER AUTO,WRONG PARKING,112,64.0,0.02,0.0,0.0,0.0,0.02,1.19
H294,Unmapped Location,Kodigehalli,13.067793,77.580382,0.0,0.0,0.18,Medium,45.81,38.29,42.8,5 AM - 7 AM,5,2024-04-09,proxy,0.0,1.0,0.0,0.0,0.0,0.0,0.0,False,CAR,WRONG PARKING,112,41.0,0.01,0.0,0.0,0.0,0.01,1.19
H112,BTP134 - Mico Bande,Adugodi,12.944704,77.602741,0.0,0.0,0.17,Medium,44.33,40.41,42.76,5 AM - 7 AM,5,2024-04-09,proxy,0.0,1.0,0.0,0.0,0.0,0.0,0.0,False,SCOOTER,WRONG PARKING,112,36.0,0.01,0.0,0.0,0.0,0.01,1.12
H301,Unmapped Location,Yelahanka,13.081696,77.548261,0.0,0.0,0.17,Medium,44.83,39.59,42.73,5 AM - 7 AM,5,2024-04-09,proxy,0.0,1.0,0.0,0.0,0.0,0.0,0.0,False,CAR,NO PARKING,113,53.0,0.01,0.0,1.0,0.29,0.01,0.11
H131,Unmapped Location,Jeevanbheemanagar,12.958902,77.656365,0.0,0.0,0.16,Medium,39.9,45.75,42.24,5 AM - 7 AM,5,2024-04-09,proxy,0.0,1.0,0.0,0.0,0.0,0.0,0.0,False,CAR,NO PARKING,113,195.0,0.05,0.0,0.0,0.43,0.05,0.37
H114,Unmapped Location,Byatarayanapura,12.950072,77.522359,0.0,0.0,0.14,Medium,35.96,49.69,41.45,6 AM - 8 AM,6,2024-04-09,proxy,0.0,1.0,0.0,0.0,0.0,0.0,0.0,False,CAR,NO PARKING | PARKING IN A MAIN ROAD,113 | 107,191.0,0.05,0.0,0.0,0.0,0.05,1.26
H8,Unmapped Location,Hulimavu,12.856638,77.58892,0.0,0.0,0.14,Medium,34.98,49.9,40.95,8 AM - 10 AM,8,2024-04-09,proxy,0.0,1.0,0.0,0.0,0.0,0.0,0.0,False,CAR,NO PARKING,113,79.0,0.02,1.0,0.0,0.14,0.02,0.11
H306,Unmapped Location,Yelahanka,13.099279,77.587713,0.0,0.0,0.14,Medium,37.44,45.8,40.78,4 AM - 6 AM,4,2024-04-09,proxy,0.0,1.0,0.0,0.0,0.0,0.0,0.0,False,SCOOTER,NO PARKING,113,233.0,0.06,0.0,0.0,0.57,0.06,0.04
H313,Unmapped Location,Chikkajala,13.121575,77.631192,0.0,0.0,0.14,Medium,36.45,47.23,40.76,11 PM - 1 AM,23,2024-04-09,proxy,0.0,1.0,0.0,0.0,0.0,0.0,0.0,False,CAR,NO PARKING,113,306.0,0.08,0.0,0.0,0.0,0.08,1.13
H165,Unmapped Location,Kamakshipalya,12.985471,77.47978,0.0,0.0,0.17,Medium,41.38,38.61,40.27,12 AM - 2 AM,0,2024-04-09,proxy,0.0,1.0,0.0,0.0,0.0,0.0,0.0,False,CAR,WRONG PARKING,112,57.0,0.02,2.0,0.0,0.29,0.02,0.05
H215,Unmapped Location,Malleshwaram,13.011665,77.569001,0.0,0.0,0.17,Medium,42.36,36.74,40.11,5 AM - 7 AM,5,2024-04-09,proxy,0.0,1.0,0.0,0.0,0.0,0.0,0.0,False,CAR,WRONG PARKING,112,41.0,0.01,1.0,0.0,0.14,0.01,0.01
H244,Unmapped Location,K.G. Halli,13.035038,77.624273,0.0,0.0,0.13,Medium,33.99,49.3,40.11,11 PM - 1 AM,23,2024-04-09,proxy,0.0,1.0,0.0,0.0,0.0,0.0,0.0,False,CAR,NO PARKING,113,588.0,0.16,0.0,1.0,0.14,0.16,0.1
H288,Unmapped Location,Chikkabanavara,13.059909,77.506786,0.0,0.0,0.17,Medium,43.35,34.3,39.73,5 AM - 7 AM,5,2024-04-09,proxy,0.0,1.0,0.0,0.0,0.0,0.0,0.0,False,CAR,NO PARKING,113,21.0,0.01,1.0,0.0,0.14,0.01,0.23
H43,Unmapped Location,Whitefield,12.901309,77.709008,0.0,0.0,0.17,Medium,41.87,35.8,39.44,5 AM - 7 AM,5,2024-04-09,proxy,0.0,1.0,0.0,0.0,0.0,0.0,0.0,False,CAR,WRONG PARKING,112,36.0,0.01,0.0,1.0,0.14,0.01,0.12
H314,Unmapped Location,Chikkajala,13.143383,77.617833,0.0,0.0,0.14,Medium,36.45,42.32,38.8,11 PM - 1 AM,23,2024-04-09,proxy,0.0,1.0,0.0,0.0,0.0,0.0,0.0,False,MOTOR CYCLE,NO PARKING,113,139.0,0.04,0.0,0.0,0.0,0.04,1.13
H266,Unmapped Location,Jalahalli,13.045913,77.522345,0.0,0.0,0.15,Medium,38.92,38.08,38.58,5 AM - 7 AM,5,2024-04-09,proxy,0.0,1.0,0.0,0.0,0.0,0.0,0.0,False,CAR,NO PARKING,113,61.0,0.02,0.0,1.0,0.14,0.02,0.15
H28,Unmapped Location,Thalagattapura,12.892228,77.572089,0.0,0.0,0.17,Medium,40.89,34.78,38.45,4 AM - 6 AM,4,2024-04-09,proxy,0.0,1.0,0.0,0.0,0.0,0.0,0.0,False,CAR,WRONG PARKING,112,32.0,0.01,0.0,1.0,0.14,0.01,0.11
H249,Unmapped Location,K.R. Pura,13.035441,77.735362,0.0,0.0,0.13,Low,33.0,44.89,37.76,10 PM - 12 AM,22,2024-04-09,proxy,0.0,1.0,0.0,0.0,0.0,0.0,0.0,False,MOTOR CYCLE,PARKING ON FOOTPATH | NO PARKING,105 | 113,104.0,0.03,0.0,1.0,0.14,0.03,0.16
H227,Unmapped Location,K.G. Halli,13.019125,77.618733,0.0,0.0,0.16,Medium,40.39,33.25,37.53,4 AM - 6 AM,4,2024-04-09,proxy,0.0,1.0,0.0,0.0,0.0,0.0,0.0,False,CAR,WRONG PARKING,112,23.0,0.01,0.0,1.0,0.14,0.01,0.02
H286,Unmapped Location,No Police Station,13.058689,77.466406,0.0,0.0,0.12,Low,31.53,45.17,36.99,7 AM - 9 AM,7,2024-04-09,proxy,0.0,1.0,0.0,0.0,0.0,0.0,0.0,False,CAR,WRONG PARKING,112,50.0,0.01,1.0,0.0,0.14,0.01,0.03
H65,Unmapped Location,Kengeri,12.91371,77.486449,0.0,0.0,0.15,Medium,39.41,32.52,36.65,5 AM - 7 AM,5,2024-04-09,proxy,0.0,1.0,0.0,0.0,0.0,0.0,0.0,False,PRIVATE BUS,PARKING IN A MAIN ROAD | NO PARKING,107 | 113,21.0,0.01,0.0,1.0,0.14,0.01,0.1
H148,Unmapped Location,Jnanabharathi,12.972554,77.508167,0.0,0.0,0.12,Low,32.02,41.77,35.92,4 AM - 6 AM,4,2024-04-09,proxy,0.0,1.0,0.0,0.0,0.0,0.0,0.0,False,CAR,NO PARKING,113,190.0,0.05,0.0,0.0,0.43,0.05,0.03
H53,"BTP200 - 15th Cross, 33rd Main, JP Nagar",J.P. Nagar,12.906331,77.581311,0.0,0.0,0.14,Medium,35.47,35.41,35.45,12 AM - 2 AM,0,2024-04-09,proxy,0.0,1.0,0.0,0.0,0.0,0.0,0.0,False,CAR,NO PARKING,113,29.0,0.01,1.0,0.0,0.14,0.01,0.04
H205,Unmapped Location,K.R. Pura,13.004443,77.710904,0.0,0.0,0.12,Low,29.06,44.49,35.23,7 PM - 9 PM,19,2024-04-09,proxy,0.0,1.0,0.0,0.0,0.0,0.0,0.0,False,SCOOTER,WRONG PARKING,112,53.0,0.01,0.0,1.0,0.14,0.01,0.74
H316,Unmapped Location,Chikkajala,13.16128,77.626529,0.0,0.0,0.14,Medium,36.45,32.35,34.81,11 PM - 1 AM,23,2024-04-09,proxy,0.0,1.0,0.0,0.0,0.0,0.0,0.0,False,CAR,NO PARKING,113,29.0,0.01,0.0,0.0,0.0,0.01,1.13
H243,Unmapped Location,Hennuru,13.028918,77.664006,0.0,0.0,0.14,Medium,36.95,31.42,34.74,5 AM - 7 AM,5,2024-04-09,proxy,0.0,1.0,0.0,0.0,0.0,0.0,0.0,False,SCOOTER,NO PARKING,113,21.0,0.01,0.0,0.0,0.43,0.01,0.05
H32,Unmapped Location,HSR Layout,12.894379,77.657225,0.0,0.0,0.13,Low,32.51,36.64,34.16,5 AM - 7 AM,5,2024-04-09,proxy,0.0,1.0,0.0,0.0,0.0,0.0,0.0,False,SCOOTER,NO PARKING,113,74.0,0.02,0.0,0.0,0.14,0.02,0.88
H44,Unmapped Location,J.P. Nagar,12.90158,77.593884,0.0,0.0,0.12,Low,30.05,39.95,34.01,10 PM - 12 AM,22,2024-04-09,proxy,0.0,1.0,0.0,0.0,0.0,0.0,0.0,False,CAR,NO PARKING,113,60.0,0.02,0.0,0.0,0.43,0.02,0.08
H150,Unmapped Location,Jnanabharathi,12.973514,77.512598,0.0,0.0,0.13,Low,33.5,33.76,33.6,11 PM - 1 AM,23,2024-04-09,proxy,0.0,1.0,0.0,0.0,0.0,0.0,0.0,False,CAR,WRONG PARKING,112,48.0,0.01,0.0,1.0,0.29,0.01,0.04
H307,Unmapped Location,Yelahanka,13.098909,77.576393,0.0,0.0,0.12,Low,29.56,38.93,33.31,5 AM - 7 AM,5,2024-04-09,proxy,0.0,1.0,0.0,0.0,0.0,0.0,0.0,False,CAR,NO PARKING,113,132.0,0.04,0.0,0.0,0.29,0.04,0.11
H93,Unmapped Location,Jayanagara,12.928558,77.591672,0.0,0.0,0.13,Medium,34.48,30.88,33.04,5 AM - 7 AM,5,2024-04-09,proxy,0.0,1.0,0.0,0.0,0.0,0.0,0.0,False,SCOOTER,WRONG PARKING,112,25.0,0.01,0.0,0.0,0.29,0.01,0.58
H41,"BTP221 - 15th Cross, 24th Main, JP Nagar",J.P. Nagar,12.903255,77.585802,0.0,0.0,0.1,Low,20.69,51.31,32.94,7 AM - 9 AM,7,2024-04-09,proxy,0.0,1.0,0.0,0.0,0.0,0.0,0.0,False,CAR,WRONG PARKING,112,159.0,0.04,0.0,1.0,0.14,0.04,0.03
H161,Unmapped Location,Sheshadripuram,12.985661,77.56799,0.0,0.0,0.12,Low,30.54,34.89,32.28,11 PM - 1 AM,23,2024-04-09,proxy,0.0,1.0,0.0,0.0,0.0,0.0,0.0,False,PASSENGER AUTO,NO PARKING,113,66.0,0.02,0.0,1.0,0.14,0.02,0.03
H298,Unmapped Location,Hennuru,13.072013,77.633725,0.0,0.0,0.11,Low,28.08,37.4,31.81,5 AM - 7 AM,5,2024-04-09,proxy,0.0,1.0,0.0,0.0,0.0,0.0,0.0,False,CAR,NO PARKING,113,113.0,0.03,0.0,0.0,0.29,0.03,0.05
H36,Unmapped Location,K.S. Layout,12.897295,77.571222,0.0,0.0,0.12,Low,31.03,31.5,31.22,3 AM - 5 AM,3,2024-04-09,proxy,0.0,1.0,0.0,0.0,0.0,0.0,0.0,False,CAR,NO PARKING,113,40.0,0.01,0.0,1.0,0.14,0.01,0.01
H79,BTP128 - Gorappanapalya Junction,Mico Layout,12.920696,77.600482,0.0,0.0,0.11,Low,27.09,34.67,30.12,5 AM - 7 AM,5,2024-04-09,proxy,0.0,1.0,0.0,0.0,0.0,0.0,0.0,False,SCOOTER,NO PARKING,113,50.0,0.01,0.0,0.0,0.0,0.01,0.4
H304,Unmapped Location,Yelahanka,13.093636,77.594227,0.0,0.0,0.1,Low,22.17,41.96,30.09,5 AM - 7 AM,5,2024-04-09,proxy,0.0,1.0,0.0,0.0,0.0,0.0,0.0,False,SCOOTER,WRONG PARKING,112,405.0,0.11,0.0,0.0,0.14,0.11,0.11
H257,Unmapped Location,K.G. Halli,13.041945,77.613494,0.0,0.0,0.11,Low,28.57,30.97,29.53,1 AM - 3 AM,1,2024-04-09,proxy,0.0,1.0,0.0,0.0,0.0,0.0,0.0,False,CAR,WRONG PARKING,112,44.0,0.01,0.0,1.0,0.14,0.01,0.04
H144,Unmapped Location,Jeevanbheemanagar,12.96682,77.658289,0.0,0.0,0.11,Low,26.11,34.63,29.52,5 AM - 7 AM,5,2024-04-09,proxy,0.0,1.0,0.0,0.0,0.0,0.0,0.0,False,CAR,NO PARKING | WRONG PARKING,113 | 112,88.0,0.02,0.0,0.0,0.0,0.02,0.37
H195,Unmapped Location,R.T. Nagar,13.003512,77.594682,0.0,0.0,0.1,Low,21.67,41.16,29.47,5 AM - 7 AM,5,2024-04-09,proxy,0.0,1.0,0.0,0.0,0.0,0.0,0.0,False,CAR,WRONG PARKING,112,375.0,0.1,0.0,0.0,0.0,0.1,0.21
H209,Unmapped Location,K.G. Halli,13.007848,77.612902,0.0,0.0,0.11,Low,25.12,34.84,29.01,9 PM - 11 PM,21,2024-04-09,proxy,0.0,1.0,0.0,0.0,0.0,0.0,0.0,False,SCOOTER,NO PARKING,113,40.0,0.01,0.0,1.0,0.14,0.01,0.22
H273,Unmapped Location,Chikkabanavara,13.053528,77.50763,0.0,0.0,0.11,Low,23.15,37.64,28.95,5 AM - 7 AM,5,2024-04-09,proxy,0.0,1.0,0.0,0.0,0.0,0.0,0.0,False,CAR,NO PARKING,113,181.0,0.05,0.0,0.0,0.29,0.05,0.23
H96,Unmapped Location,Jayanagara,12.931521,77.59255,0.0,0.0,0.11,Low,26.6,30.37,28.11,5 AM - 7 AM,5,2024-04-09,proxy,0.0,1.0,0.0,0.0,0.0,0.0,0.0,False,SCOOTER,WRONG PARKING,112,46.0,0.01,0.0,0.0,0.0,0.01,0.58
H122,Unmapped Location,Jeevanbheemanagar,12.954437,77.640923,0.0,0.0,0.11,Low,24.63,33.24,28.07,5 AM - 7 AM,5,2024-04-09,proxy,0.0,1.0,0.0,0.0,0.0,0.0,0.0,False,MAXI-CAB,NO PARKING,113,79.0,0.02,0.0,0.0,0.0,0.02,0.37
H238,Unmapped Location,K.R. Pura,13.026376,77.720588,0.0,0.0,0.11,Low,25.62,30.8,27.69,5 AM - 7 AM,5,2024-04-09,proxy,0.0,1.0,0.0,0.0,0.0,0.0,0.0,False,CAR,NO PARKING,113,52.0,0.01,0.0,0.0,0.0,0.01,0.48
H185,Unmapped Location,Sheshadripuram,12.99415,77.577704,0.0,0.0,0.11,Low,27.59,27.35,27.49,4 AM - 6 AM,4,2024-04-09,proxy,0.0,1.0,0.0,0.0,0.0,0.0,0.0,False,SCOOTER,NO PARKING,113,22.0,0.01,0.0,0.0,0.0,0.01,0.34
H22,Unmapped Location,Thalagattapura,12.883318,77.548929,0.0,0.0,0.11,Low,23.65,33.16,27.45,6 AM - 8 AM,6,2024-04-09,proxy,0.0,1.0,0.0,0.0,0.0,0.0,0.0,False,CAR,NO PARKING,113,33.0,0.01,0.0,0.0,0.43,0.01,0.22
H211,Unmapped Location,Mahadevapura,13.009083,77.758877,0.0,0.0,0.11,Low,25.62,29.35,27.11,5 AM - 7 AM,5,2024-04-09,proxy,0.0,1.0,0.0,0.0,0.0,0.0,0.0,False,SCOOTER,NO PARKING,113,42.0,0.01,0.0,0.0,0.0,0.01,0.44
H179,Unmapped Location,Mahadevapura,12.990978,77.687616,0.0,0.0,0.11,Low,25.62,27.62,26.42,5 AM - 7 AM,5,2024-04-09,proxy,0.0,1.0,0.0,0.0,0.0,0.0,0.0,False,SCOOTER,NO PARKING,113,30.0,0.01,0.0,0.0,0.0,0.01,0.44
H225,Unmapped Location,K.R. Pura,13.019343,77.708686,0.0,0.0,0.11,Low,24.14,29.84,26.42,5 AM - 7 AM,5,2024-04-09,proxy,0.0,1.0,0.0,0.0,0.0,0.0,0.0,False,CAR,WRONG PARKING,112,50.0,0.01,0.0,0.0,0.0,0.01,0.48
H145,Unmapped Location,Jeevanbheemanagar,12.967554,77.636719,0.0,0.0,0.11,Low,26.11,26.39,26.22,5 AM - 7 AM,5,2024-04-09,proxy,0.0,1.0,0.0,0.0,0.0,0.0,0.0,False,CAR,NO PARKING | WRONG PARKING,113 | 112,20.0,0.01,0.0,0.0,0.0,0.01,0.37
H220,Unmapped Location,Mahadevapura,13.01483,77.761396,0.0,0.0,0.11,Low,24.14,28.98,26.08,5 AM - 7 AM,5,2024-04-09,proxy,0.0,1.0,0.0,0.0,0.0,0.0,0.0,False,CAR,WRONG PARKING,112,44.0,0.01,0.0,0.0,0.0,0.01,0.44
H176,Unmapped Location,Mahadevapura,12.988609,77.729195,0.0,0.0,0.11,Low,25.62,26.75,26.07,5 AM - 7 AM,5,2024-04-09,proxy,0.0,1.0,0.0,0.0,0.0,0.0,0.0,False,SCOOTER,NO PARKING,113,24.0,0.01,0.0,0.0,0.0,0.01,0.44
H231,Unmapped Location,Banaswadi,13.022332,77.638666,0.0,0.0,0.1,Low,17.73,38.23,25.93,5 AM - 7 AM,5,2024-04-09,proxy,0.0,1.0,0.0,0.0,0.0,0.0,0.0,False,SCOOTER,WRONG PARKING,112,271.0,0.07,0.0,0.0,0.0,0.07,0.09
H223,Unmapped Location,K.R. Pura,13.01736,77.704616,0.0,0.0,0.11,Low,25.62,26.32,25.9,5 AM - 7 AM,5,2024-04-09,proxy,0.0,1.0,0.0,0.0,0.0,0.0,0.0,False,SCOOTER,NO PARKING,113,21.0,0.01,0.0,0.0,0.0,0.01,0.48
H157,Unmapped Location,Banaswadi,12.979836,77.652543,0.0,0.0,0.1,Low,20.2,33.7,25.6,5 AM - 7 AM,5,2024-04-09,proxy,0.0,1.0,0.0,0.0,0.0,0.0,0.0,False,CAR,NO PARKING,113,111.0,0.03,0.0,0.0,0.0,0.03,0.09
H135,Unmapped Location,Whitefield,12.962885,77.73294,0.0,0.0,0.1,Low,19.21,34.85,25.47,5 AM - 7 AM,5,2024-04-09,proxy,0.0,1.0,0.0,0.0,0.0,0.0,0.0,False,CAR,NO PARKING,113,142.0,0.04,0.0,0.0,0.0,0.04,0.12
H155,Unmapped Location,Whitefield,12.98103,77.751687,0.0,0.0,0.1,Low,19.21,34.42,25.29,5 AM - 7 AM,5,2024-04-09,proxy,0.0,1.0,0.0,0.0,0.0,0.0,0.0,False,CAR,NO PARKING,113,133.0,0.04,0.0,0.0,0.0,0.04,0.12
H172,Unmapped Location,Mahadevapura,12.986702,77.690116,0.0,0.0,0.11,Low,24.14,26.38,25.04,5 AM - 7 AM,5,2024-04-09,proxy,0.0,1.0,0.0,0.0,0.0,0.0,0.0,False,SCOOTER,WRONG PARKING,112,26.0,0.01,0.0,0.0,0.0,0.01,0.44
H170,Unmapped Location,Jeevanbheemanagar,12.98659,77.648066,0.0,0.0,0.11,Low,24.14,25.65,24.74,5 AM - 7 AM,5,2024-04-09,proxy,0.0,1.0,0.0,0.0,0.0,0.0,0.0,False,PASSENGER AUTO,WRONG PARKING,112,21.0,0.01,0.0,0.0,0.0,0.01,0.37
H182,Unmapped Location,Mahadevapura,12.991671,77.720439,0.0,0.0,0.11,Low,24.14,25.51,24.69,5 AM - 7 AM,5,2024-04-09,proxy,0.0,1.0,0.0,0.0,0.0,0.0,0.0,False,CAR,WRONG PARKING,112,20.0,0.01,0.0,0.0,0.0,0.01,0.44
H181,Unmapped Location,Banaswadi,12.99187,77.652267,0.0,0.0,0.1,Low,17.73,34.76,24.54,5 AM - 7 AM,5,2024-04-09,proxy,0.0,1.0,0.0,0.0,0.0,0.0,0.0,False,SCOOTER,PARKING IN A MAIN ROAD | WRONG PARKING,107 | 112,166.0,0.05,0.0,0.0,0.0,0.05,0.09
H216,Unmapped Location,R.T. Nagar,13.011106,77.595041,0.0,0.0,0.1,Low,22.66,25.71,23.88,5 AM - 7 AM,5,2024-04-09,proxy,0.0,1.0,0.0,0.0,0.0,0.0,0.0,False,SCOOTER,NO PARKING,113,26.0,0.01,0.0,0.0,0.0,0.01,0.21
H218,Unmapped Location,Banaswadi,13.013022,77.626417,0.0,0.0,0.1,Low,18.72,30.87,23.58,5 AM - 7 AM,5,2024-04-09,proxy,0.0,1.0,0.0,0.0,0.0,0.0,0.0,False,SCOOTER,NO PARKING,113,82.0,0.02,0.0,0.0,0.14,0.02,0.09
H201,Unmapped Location,Banaswadi,13.003484,77.662744,0.0,0.0,0.1,Low,18.72,30.29,23.35,5 AM - 7 AM,5,2024-04-09,proxy,0.0,1.0,0.0,0.0,0.0,0.0,0.0,False,SCOOTER,NO PARKING,113,73.0,0.02,0.0,0.0,0.14,0.02,0.09
H200,Unmapped Location,Banaswadi,13.002126,77.633024,0.0,0.0,0.1,Low,18.72,30.15,23.29,5 AM - 7 AM,5,2024-04-09,proxy,0.0,1.0,0.0,0.0,0.0,0.0,0.0,False,SCOOTER,NO PARKING,113,72.0,0.02,0.0,0.0,0.0,0.02,0.09
H310,Unmapped Location,Yelahanka,13.110294,77.604279,0.0,0.0,0.1,Low,21.18,25.77,23.02,5 AM - 7 AM,5,2024-04-09,proxy,0.0,1.0,0.0,0.0,0.0,0.0,0.0,False,MAXI-CAB,WRONG PARKING,112,31.0,0.01,0.0,0.0,0.0,0.01,0.11
H309,Unmapped Location,Yelahanka,13.105537,77.600776,0.0,0.0,0.1,Low,21.18,24.46,22.49,5 AM - 7 AM,5,2024-04-09,proxy,0.0,1.0,0.0,0.0,0.0,0.0,0.0,False,MAXI-CAB,WRONG PARKING,112,22.0,0.01,0.0,0.0,0.0,0.01,0.11
H164,Unmapped Location,Whitefield,12.98546,77.745654,0.0,0.0,0.1,Low,16.26,31.64,22.41,5 AM - 7 AM,5,2024-04-09,proxy,0.0,1.0,0.0,0.0,0.0,0.0,0.0,False,SCOOTER,PARKING IN A MAIN ROAD | NO PARKING,107 | 113,106.0,0.03,0.0,0.0,0.0,0.03,0.12
H191,Unmapped Location,R.T. Nagar,12.998129,77.605623,0.0,0.0,0.1,Low,19.7,26.11,22.26,5 AM - 7 AM,5,2024-04-09,proxy,0.0,1.0,0.0,0.0,0.0,0.0,0.0,False,CAR,WRONG PARKING,112,38.0,0.01,0.0,0.0,0.0,0.01,0.21
H124,Unmapped Location,Whitefield,12.955175,77.74482,0.0,0.0,0.1,Low,17.24,29.2,22.02,5 AM - 7 AM,5,2024-04-09,proxy,0.0,1.0,0.0,0.0,0.0,0.0,0.0,False,LORRY/GOODS VEHICLE,NO PARKING,113,70.0,0.02,0.0,0.0,0.0,0.02,0.12
H248,Unmapped Location,K.G. Halli,13.032991,77.627558,0.0,0.0,0.1,Low,18.72,26.39,21.79,5 AM - 7 AM,5,2024-04-09,proxy,0.0,1.0,0.0,0.0,0.0,0.0,0.0,False,CAR,NO PARKING,113,43.0,0.01,0.0,0.0,0.0,0.01,0.07
H86,"BTP114 - KR Road Junction, Near JSS",Banashankari,12.924213,77.575138,0.0,0.0,0.1,Low,15.27,30.94,21.54,5 AM - 7 AM,5,2024-04-09,proxy,0.0,1.0,0.0,0.0,0.0,0.0,0.0,False,CAR,NO PARKING,113,61.0,0.02,0.0,0.0,0.0,0.02,0.11
H58,Unmapped Location,K.S. Layout,12.910296,77.550798,0.0,0.0,0.1,Low,10.84,37.37,21.45,9 PM - 11 PM,21,2024-04-09,proxy,0.0,1.0,0.0,0.0,0.0,0.0,0.0,False,CAR,PARKING IN A MAIN ROAD | WRONG PARKING,107 | 112,159.0,0.04,0.0,1.0,0.14,0.04,0.04
H45,Unmapped Location,Madiwala,12.903203,77.626096,0.0,0.0,0.1,Low,16.75,28.4,21.41,4 AM - 6 AM,4,2024-04-09,proxy,0.0,1.0,0.0,0.0,0.0,0.0,0.0,False,SCOOTER,NO PARKING,113,63.0,0.02,0.0,0.0,0.0,0.02,0.24
H197,Unmapped Location,R.T. Nagar,13.000618,77.599609,0.0,0.0,0.1,Low,19.7,23.51,21.22,5 AM - 7 AM,5,2024-04-09,proxy,0.0,1.0,0.0,0.0,0.0,0.0,0.0,False,CAR,WRONG PARKING,112,20.0,0.01,0.0,0.0,0.0,0.01,0.21
H233,Unmapped Location,R.T. Nagar,13.022761,77.600987,0.0,0.0,0.1,Low,19.7,23.51,21.22,5 AM - 7 AM,5,2024-04-09,proxy,0.0,1.0,0.0,0.0,0.0,0.0,0.0,False,SCOOTER,WRONG PARKING,112,20.0,0.01,0.0,0.0,0.0,0.01,0.21
H133,Unmapped Location,Whitefield,12.960654,77.747438,0.0,0.0,0.1,Low,17.24,26.16,20.81,5 AM - 7 AM,5,2024-04-09,proxy,0.0,1.0,0.0,0.0,0.0,0.0,0.0,False,CAR,NO PARKING,113,46.0,0.01,0.0,0.0,0.0,0.01,0.12
H162,Unmapped Location,Banaswadi,12.983526,77.67985,0.0,0.0,0.1,Low,18.23,24.58,20.77,5 AM - 7 AM,5,2024-04-09,proxy,0.0,1.0,0.0,0.0,0.0,0.0,0.0,False,PASSENGER AUTO,PARKING OPPOSITE TO ANOTHER PARKED VEHICLE | WRONG PARKING,108 | 112,32.0,0.01,0.0,0.0,0.0,0.01,0.09
H130,Unmapped Location,Whitefield,12.95636,77.731656,0.0,0.0,0.1,Low,14.29,30.04,20.59,5 AM - 7 AM,5,2024-04-09,proxy,0.0,1.0,0.0,0.0,0.0,0.0,0.0,False,CAR,PARKING NEAR BUSTOP/SCHOOL/HOSPITAL ETC | WRONG PARKING,111 | 112,99.0,0.03,0.0,0.0,0.14,0.03,0.12
H188,Unmapped Location,Banaswadi,12.99498,77.653969,0.0,0.0,0.1,Low,17.73,24.79,20.55,5 AM - 7 AM,5,2024-04-09,proxy,0.0,1.0,0.0,0.0,0.0,0.0,0.0,False,CAR,NO PARKING | PARKING IN A MAIN ROAD,113 | 107,35.0,0.01,0.0,0.0,0.0,0.01,0.09
H217,Unmapped Location,Banaswadi,13.010873,77.658898,0.0,0.0,0.1,Low,18.72,23.21,20.52,5 AM - 7 AM,5,2024-04-09,proxy,0.0,1.0,0.0,0.0,0.0,0.0,0.0,False,CAR,NO PARKING,113,21.0,0.01,0.0,0.0,0.0,0.01,0.09
H230,Unmapped Location,K.G. Halli,13.020695,77.613571,0.0,0.0,0.1,Low,17.73,24.21,20.32,5 AM - 7 AM,5,2024-04-09,proxy,0.0,1.0,0.0,0.0,0.0,0.0,0.0,False,LGV,WRONG PARKING,112,31.0,0.01,0.0,0.0,0.0,0.01,0.07
H19,Unmapped Location,Hulimavu,12.876032,77.616587,0.0,0.0,0.1,Low,15.76,27.08,20.29,5 AM - 7 AM,5,2024-04-09,proxy,0.0,1.0,0.0,0.0,0.0,0.0,0.0,False,CAR,NO PARKING,113,57.0,0.02,0.0,0.0,0.0,0.02,0.06
H110,Unmapped Location,Whitefield,12.942414,77.747654,0.0,0.0,0.1,Low,12.81,30.96,20.07,5 AM - 7 AM,5,2024-04-09,proxy,0.0,1.0,0.0,0.0,0.0,0.0,0.0,False,CAR,WRONG PARKING,112,121.0,0.03,0.0,0.0,0.0,0.03,0.12
H234,Unmapped Location,Banaswadi,13.023812,77.643438,0.0,0.0,0.1,Low,17.73,23.35,19.98,5 AM - 7 AM,5,2024-04-09,proxy,0.0,1.0,0.0,0.0,0.0,0.0,0.0,False,CAR,WRONG PARKING,112,25.0,0.01,0.0,0.0,0.0,0.01,0.09
H48,Unmapped Location,Bellandur,12.903772,77.703941,0.0,0.0,0.1,Low,11.82,31.96,19.88,5 AM - 7 AM,5,2024-04-09,proxy,0.0,1.0,0.0,0.0,0.0,0.0,0.0,False,CAR,WRONG PARKING,112,162.0,0.04,0.0,0.0,0.14,0.04,0.2
H166,Unmapped Location,Banaswadi,12.985735,77.645085,0.0,0.0,0.1,Low,17.73,22.62,19.69,5 AM - 7 AM,5,2024-04-09,proxy,0.0,1.0,0.0,0.0,0.0,0.0,0.0,False,PASSENGER AUTO,WRONG PARKING,112,20.0,0.01,0.0,0.0,0.0,0.01,0.09
H7,Unmapped Location,Electronic City,12.850931,77.65745,0.0,0.0,0.1,Low,11.82,30.22,19.18,5 AM - 7 AM,5,2024-04-09,proxy,0.0,1.0,0.0,0.0,0.0,0.0,0.0,False,SCOOTER,WRONG PARKING,112,116.0,0.03,0.0,0.0,0.0,0.03,0.16
H82,Unmapped Location,Madiwala,12.921445,77.638498,0.0,0.0,0.1,Low,16.75,22.47,19.04,4 AM - 6 AM,4,2024-04-09,proxy,0.0,1.0,0.0,0.0,0.0,0.0,0.0,False,CAR,NO PARKING,113,22.0,0.01,0.0,0.0,0.0,0.01,0.24
H224,Unmapped Location,Rajajinagar,13.019708,77.538358,0.0,0.0,0.1,Low,11.33,30.44,18.97,5 AM - 7 AM,5,2024-04-09,proxy,0.0,1.0,0.0,0.0,0.0,0.0,0.0,False,CAR,WRONG PARKING,112,124.0,0.03,0.0,0.0,0.0,0.03,0.53
H203,Unmapped Location,Pulikeshinagar(F.Town),13.004525,77.615924,0.0,0.0,0.1,Low,16.26,22.54,18.77,5 AM - 7 AM,5,2024-04-09,proxy,0.0,1.0,0.0,0.0,0.0,0.0,0.0,False,CAR,WRONG PARKING,112,24.0,0.01,0.0,0.0,0.0,0.01,0.21
H55,BTP222 - Delmia Circle,J.P. Nagar,12.906309,77.591447,0.0,0.0,0.1,Low,10.34,30.89,18.56,5 AM - 7 AM,5,2024-04-09,proxy,0.0,1.0,0.0,0.0,0.0,0.0,0.0,False,CAR,NO PARKING,113,87.0,0.02,0.0,0.0,0.0,0.02,0.04
H118,BTP132 - Anepalya Junction,Ashok Nagar,12.951262,77.607043,0.0,0.0,0.09,Low,8.37,33.76,18.53,5 AM - 7 AM,5,2024-04-09,proxy,0.0,1.0,0.0,0.0,0.0,0.0,0.0,False,CAR,NO PARKING,113,159.0,0.04,0.0,0.0,0.0,0.04,0.02
H10,Unmapped Location,Electronic City,12.855401,77.66453,0.0,0.0,0.1,Low,11.82,28.49,18.49,5 AM - 7 AM,5,2024-04-09,proxy,0.0,1.0,0.0,0.0,0.0,0.0,0.0,False,CAR,PARKING IN A MAIN ROAD | WRONG PARKING,107 | 112,90.0,0.02,0.0,0.0,0.0,0.02,0.16
H34,Unmapped Location,Bellandur,12.895222,77.67583,0.0,0.0,0.1,Low,11.82,27.62,18.14,5 AM - 7 AM,5,2024-04-09,proxy,0.0,1.0,0.0,0.0,0.0,0.0,0.0,False,SCOOTER,WRONG PARKING,112,80.0,0.02,0.0,0.0,0.0,0.02,0.2
H9,Unmapped Location,Electronic City,12.854323,77.662113,0.0,0.0,0.1,Low,14.78,22.74,17.96,5 AM - 7 AM,5,2024-04-09,proxy,0.0,1.0,0.0,0.0,0.0,0.0,0.0,False,SCOOTER,NO PARKING,113,30.0,0.01,0.0,0.0,0.0,0.01,0.16
H67,Unmapped Location,Bellandur,12.914031,77.666679,0.0,0.0,0.1,Low,14.78,22.6,17.91,5 AM - 7 AM,5,2024-04-09,proxy,0.0,1.0,0.0,0.0,0.0,0.0,0.0,False,MOTOR CYCLE,NO PARKING,113,29.0,0.01,0.0,0.0,0.0,0.01,0.2
H311,Unmapped Location,Yelahanka,13.116475,77.578116,0.0,0.0,0.1,Low,13.3,24.82,17.91,5 AM - 7 AM,5,2024-04-09,proxy,0.0,1.0,0.0,0.0,0.0,0.0,0.0,False,CAR,NO PARKING,113,49.0,0.01,0.0,0.0,0.0,0.01,0.11
H18,Unmapped Location,Electronic City,12.87562,77.670845,0.0,0.0,0.1,Low,11.82,26.9,17.85,5 AM - 7 AM,5,2024-04-09,proxy,0.0,1.0,0.0,0.0,0.0,0.0,0.0,False,SCOOTER,WRONG PARKING,112,71.0,0.02,0.0,0.0,0.0,0.02,0.16
H42,Unmapped Location,Bellandur,12.9015,77.660455,0.0,0.0,0.1,Low,11.82,26.32,17.62,5 AM - 7 AM,5,2024-04-09,proxy,0.0,1.0,0.0,0.0,0.0,0.0,0.0,False,SCOOTER,WRONG PARKING,112,64.0,0.02,0.0,0.0,0.0,0.02,0.2
H3,Unmapped Location,Electronic City,12.835656,77.679188,0.0,0.0,0.1,Low,11.82,24.59,16.93,5 AM - 7 AM,5,2024-04-09,proxy,0.0,1.0,0.0,0.0,0.0,0.0,0.0,False,CAR,PARKING ON FOOTPATH | WRONG PARKING,105 | 112,52.0,0.01,0.0,0.0,0.0,0.01,0.16
H74,Unmapped Location,Madiwala,12.916989,77.62912,0.0,0.0,0.1,Low,13.79,20.85,16.61,4 AM - 6 AM,4,2024-04-09,proxy,0.0,1.0,0.0,0.0,0.0,0.0,0.0,False,SCOOTER,WRONG PARKING,112,20.0,0.01,0.0,0.0,0.0,0.01,0.24
H140,BTP142 - Lower Agram Road Junction,Ashok Nagar,12.961678,77.615256,0.0,0.0,0.09,Low,9.85,26.48,16.5,5 AM - 7 AM,5,2024-04-09,proxy,0.0,1.0,0.0,0.0,0.0,0.0,0.0,False,CAR,WRONG PARKING,112,47.0,0.01,0.0,0.0,0.0,0.01,0.02
H0,Unmapped Location,Electronic City,12.806362,77.69841,0.0,0.0,0.1,Low,11.82,23.14,16.35,5 AM - 7 AM,5,2024-04-09,proxy,0.0,1.0,0.0,0.0,0.0,0.0,0.0,False,CAR,PARKING IN A MAIN ROAD | WRONG PARKING | NO PARKING,107 | 112 | 113,42.0,0.01,0.0,0.0,0.0,0.01,0.16
H30,Unmapped Location,Hulimavu,12.891974,77.632024,0.0,0.0,0.1,Low,12.32,21.06,15.82,5 AM - 7 AM,5,2024-04-09,proxy,0.0,1.0,0.0,0.0,0.0,0.0,0.0,False,CAR,WRONG PARKING,112,26.0,0.01,0.0,0.0,0.0,0.01,0.06
H302,Unmapped Location,Hennuru,13.084255,77.636774,0.0,0.0,0.09,Low,7.88,27.73,15.82,5 AM - 7 AM,5,2024-04-09,proxy,0.0,1.0,0.0,0.0,0.0,0.0,0.0,False,MOTOR CYCLE,WRONG PARKING,112,105.0,0.03,0.0,0.0,0.14,0.03,0.05
H26,Unmapped Location,Electronic City,12.887183,77.649716,0.0,0.0,0.1,Low,11.82,21.55,15.71,5 AM - 7 AM,5,2024-04-09,proxy,0.0,1.0,0.0,0.0,0.0,0.0,0.0,False,SCOOTER,WRONG PARKING,112,31.0,0.01,0.0,0.0,0.0,0.01,0.16
H68,Unmapped Location,Bellandur,12.915536,77.698702,0.0,0.0,0.1,Low,11.82,21.26,15.6,5 AM - 7 AM,5,2024-04-09,proxy,0.0,1.0,0.0,0.0,0.0,0.0,0.0,False,MOTOR CYCLE,WRONG PARKING,112,29.0,0.01,0.0,0.0,0.0,0.01,0.2
H2,Unmapped Location,Electronic City,12.82713,77.682312,0.0,0.0,0.1,Low,11.82,20.97,15.48,5 AM - 7 AM,5,2024-04-09,proxy,0.0,1.0,0.0,0.0,0.0,0.0,0.0,False,PRIVATE BUS,PARKING IN A MAIN ROAD | WRONG PARKING | NO PARKING,107 | 112 | 113,27.0,0.01,0.0,0.0,0.0,0.01,0.16
H228,Unmapped Location,Hennuru,13.020855,77.656692,0.0,0.0,0.09,Low,7.88,26.43,15.3,5 AM - 7 AM,5,2024-04-09,proxy,0.0,1.0,0.0,0.0,0.0,0.0,0.0,False,CAR,WRONG PARKING,112,88.0,0.02,0.0,0.0,0.0,0.02,0.05
H90,Unmapped Location,Bellandur,12.926515,77.669835,0.0,0.0,0.1,Low,11.82,20.4,15.25,5 AM - 7 AM,5,2024-04-09,proxy,0.0,1.0,0.0,0.0,0.0,0.0,0.0,False,SCOOTER,WRONG PARKING,112,23.0,0.01,0.0,0.0,0.0,0.01,0.2
H97,Unmapped Location,Banashankari,12.934976,77.536518,0.0,0.0,0.09,Low,4.43,31.23,15.15,5 AM - 7 AM,5,2024-04-09,proxy,0.0,1.0,0.0,0.0,0.0,0.0,0.0,False,SCOOTER,NO PARKING,113,244.0,0.07,0.0,0.0,0.0,0.07,0.11
H49,Unmapped Location,K.S. Layout,12.90654,77.544661,0.0,0.0,0.09,Low,4.43,30.08,14.69,5 AM - 7 AM,5,2024-04-09,proxy,0.0,1.0,0.0,0.0,0.0,0.0,0.0,False,CAR,NO PARKING,113,203.0,0.06,0.0,0.0,0.0,0.06,0.1
H241,Unmapped Location,Yeshwanthpura,13.032891,77.55897,0.0,0.0,0.08,Low,1.48,32.8,14.01,5 AM - 7 AM,5,2024-04-09,proxy,0.0,1.0,0.0,0.0,0.0,0.0,0.0,False,CAR,WRONG PARKING,112,417.0,0.11,0.0,0.0,0.0,0.11,0.1
H322,Unmapped Location,Devanahalli Airport,13.199292,77.702669,0.0,0.0,0.09,Low,8.87,21.38,13.87,5 AM - 7 AM,5,2024-04-09,proxy,0.0,1.0,0.0,0.0,0.0,0.0,0.0,False,CAR,NO PARKING,113,39.0,0.01,0.0,0.0,0.0,0.01,0.05
H320,Unmapped Location,Devanahalli Airport,13.196632,77.705615,0.0,0.0,0.09,Low,8.87,20.51,13.53,5 AM - 7 AM,5,2024-04-09,proxy,0.0,1.0,0.0,0.0,0.0,0.0,0.0,False,CAR,NO PARKING,113,33.0,0.01,0.0,0.0,0.0,0.01,0.05
H296,Unmapped Location,Hennuru,13.068122,77.629423,0.0,0.0,0.09,Low,8.87,20.23,13.41,5 AM - 7 AM,5,2024-04-09,proxy,0.0,1.0,0.0,0.0,0.0,0.0,0.0,False,CAR,NO PARKING,113,31.0,0.01,0.0,0.0,0.0,0.01,0.05
H11,Unmapped Location,Thalagattapura,12.861937,77.529998,0.0,0.0,0.09,Low,5.91,24.67,13.41,5 AM - 7 AM,5,2024-04-09,proxy,0.0,1.0,0.0,0.0,0.0,0.0,0.0,False,CAR,NO PARKING,113,74.0,0.02,0.0,0.0,0.0,0.02,0.27
H321,Unmapped Location,Devanahalli Airport,13.198626,77.679765,0.0,0.0,0.09,Low,8.87,20.08,13.35,5 AM - 7 AM,5,2024-04-09,proxy,0.0,1.0,0.0,0.0,0.0,0.0,0.0,False,CAR,NO PARKING,113,30.0,0.01,0.0,0.0,0.0,0.01,0.05
H160,Unmapped Location,Halasur,12.981942,77.624112,0.0,0.0,0.09,Low,9.36,19.29,13.33,5 AM - 7 AM,5,2024-04-09,proxy,0.0,1.0,0.0,0.0,0.0,0.0,0.0,False,CAR,NO PARKING,113,23.0,0.01,0.0,0.0,0.0,0.01,0.03
H275,Unmapped Location,Jalahalli,13.050495,77.525531,0.0,0.0,0.08,Low,1.97,30.27,13.29,5 AM - 7 AM,5,2024-04-09,proxy,0.0,1.0,0.0,0.0,0.0,0.0,0.0,False,SCOOTER,NO PARKING,113,250.0,0.07,0.0,0.0,0.0,0.07,0.15
H63,Unmapped Location,Kengeri,12.912922,77.480919,0.0,0.0,0.09,Low,4.43,26.32,13.19,5 AM - 7 AM,5,2024-04-09,proxy,0.0,1.0,0.0,0.0,0.0,0.0,0.0,False,CAR,NO PARKING,113,106.0,0.03,0.0,0.0,0.0,0.03,0.1
H171,Unmapped Location,Kamakshipalya,12.987123,77.519547,0.0,0.0,0.08,Low,1.97,29.98,13.17,5 AM - 7 AM,5,2024-04-09,proxy,0.0,1.0,0.0,0.0,0.0,0.0,0.0,False,SCOOTER,NO PARKING,113,241.0,0.07,0.0,0.0,0.0,0.07,0.15
H123,Unmapped Location,Ashok Nagar,12.952623,77.61965,0.0,0.0,0.09,Low,8.37,20.14,13.08,5 AM - 7 AM,5,2024-04-09,proxy,0.0,1.0,0.0,0.0,0.0,0.0,0.0,False,SCOOTER,NO PARKING,113,32.0,0.01,0.0,0.0,0.0,0.01,0.02
H152,BTP214 - 5th Main Chamrajpet  Junction,Vijayanagara,12.975879,77.531363,0.0,0.0,0.08,Low,2.96,28.15,13.04,5 AM - 7 AM,5,2024-04-09,proxy,0.0,1.0,0.0,0.0,0.0,0.0,0.0,False,SCOOTER,WRONG PARKING,112,96.0,0.03,0.0,0.0,0.0,0.03,0.07
H23,Unmapped Location,No Police Station,12.883557,77.752354,0.0,0.0,0.09,Low,6.4,22.15,12.7,5 AM - 7 AM,5,2024-04-09,proxy,0.0,1.0,0.0,0.0,0.0,0.0,0.0,False,CAR,WRONG PARKING,112,52.0,0.01,0.0,0.0,0.0,0.01,0.03
H115,Unmapped Location,Ashok Nagar,12.948439,77.627645,0.0,0.0,0.09,Low,7.39,20.14,12.49,5 AM - 7 AM,5,2024-04-09,proxy,0.0,1.0,0.0,0.0,0.0,0.0,0.0,False,CAR,WRONG PARKING,112,35.0,0.01,0.0,0.0,0.0,0.01,0.02
H99,Unmapped Location,Jnanabharathi,12.938364,77.492833,0.0,0.0,0.09,Low,4.93,23.8,12.48,5 AM - 7 AM,5,2024-04-09,proxy,0.0,1.0,0.0,0.0,0.0,0.0,0.0,False,CAR,NO PARKING,113,71.0,0.02,0.0,0.0,0.0,0.02,0.11
H325,Unmapped Location,Devanahalli Airport,13.248408,77.715587,0.0,0.0,0.09,Low,7.88,18.48,12.12,5 AM - 7 AM,5,2024-04-09,proxy,0.0,1.0,0.0,0.0,0.0,0.0,0.0,False,CAR,WRONG PARKING,112,22.0,0.01,0.0,0.0,0.0,0.01,0.05
H281,Unmapped Location,Hennuru,13.056624,77.651725,0.0,0.0,0.09,Low,7.88,18.19,12.0,5 AM - 7 AM,5,2024-04-09,proxy,0.0,1.0,0.0,0.0,0.0,0.0,0.0,False,CAR,WRONG PARKING,112,20.0,0.01,0.0,0.0,0.14,0.01,0.05
H108,Unmapped Location,Ashok Nagar,12.938944,77.632367,0.0,0.0,0.09,Low,6.9,18.04,11.36,5 AM - 7 AM,5,2024-04-09,proxy,0.0,1.0,0.0,0.0,0.0,0.0,0.0,False,CAR,WRONG PARKING,112,22.0,0.01,0.0,0.0,0.0,0.01,0.02
H33,Unmapped Location,K.S. Layout,12.893915,77.567943,0.0,0.0,0.09,Low,4.43,21.7,11.34,5 AM - 7 AM,5,2024-04-09,proxy,0.0,1.0,0.0,0.0,0.0,0.0,0.0,False,CAR,NO PARKING,113,55.0,0.02,0.0,0.0,0.0,0.02,0.1
H72,Unmapped Location,Kengeri,12.91705,77.500186,0.0,0.0,0.09,Low,4.43,21.12,11.11,5 AM - 7 AM,5,2024-04-09,proxy,0.0,1.0,0.0,0.0,0.0,0.0,0.0,False,SCOOTER,NO PARKING,113,51.0,0.01,0.0,0.0,0.0,0.01,0.1
H56,Unmapped Location,K.S. Layout,12.907693,77.532913,0.0,0.0,0.08,Low,3.45,22.56,11.09,5 AM - 7 AM,5,2024-04-09,proxy,0.0,1.0,0.0,0.0,0.0,0.0,0.0,False,MOPED,PARKING IN A MAIN ROAD | WRONG PARKING,107 | 112,64.0,0.02,0.0,0.0,0.0,0.02,0.1
H113,Unmapped Location,Jnanabharathi,12.944951,77.495297,0.0,0.0,0.09,Low,5.42,17.37,10.2,5 AM - 7 AM,5,2024-04-09,proxy,0.0,1.0,0.0,0.0,0.0,0.0,0.0,False,SCOOTER,NO PARKING,113,22.0,0.01,0.0,0.0,0.0,0.01,0.11
H137,Unmapped Location,Jnanabharathi,12.960442,77.505121,0.0,0.0,0.09,Low,5.42,17.08,10.08,5 AM - 7 AM,5,2024-04-09,proxy,0.0,1.0,0.0,0.0,0.0,0.0,0.0,False,SCOOTER,NO PARKING,113,20.0,0.01,0.0,0.0,0.0,0.01,0.11
H61,Unmapped Location,Kengeri,12.909758,77.51337,0.0,0.0,0.09,Low,4.43,18.23,9.95,5 AM - 7 AM,5,2024-04-09,proxy,0.0,1.0,0.0,0.0,0.0,0.0,0.0,False,SCOOTER,NO PARKING,113,31.0,0.01,0.0,0.0,0.0,0.01,0.1
H295,Unmapped Location,Jalahalli,13.068771,77.53011,0.0,0.0,0.08,Low,0.99,22.89,9.75,5 AM - 7 AM,5,2024-04-09,proxy,0.0,1.0,0.0,0.0,0.0,0.0,0.0,False,SCOOTER,WRONG PARKING,112,82.0,0.02,0.0,0.0,0.0,0.02,0.15
H111,Unmapped Location,Banashankari,12.942307,77.548393,0.0,0.0,0.09,Low,3.94,18.44,9.74,5 AM - 7 AM,5,2024-04-09,proxy,0.0,1.0,0.0,0.0,0.0,0.0,0.0,False,SCOOTER,WRONG PARKING | PARKING IN A MAIN ROAD,112 | 107,34.0,0.01,0.0,0.0,0.0,0.01,0.11
H141,BTP017 - Attiguppe Circle,Vijayanagara,12.961781,77.533789,0.0,0.0,0.08,Low,2.96,19.91,9.74,5 AM - 7 AM,5,2024-04-09,proxy,0.0,1.0,0.0,0.0,0.0,0.0,0.0,False,PASSENGER AUTO,WRONG PARKING,112,23.0,0.01,0.0,0.0,0.0,0.01,0.07
H206,Unmapped Location,Malleshwaram,13.006517,77.563775,0.0,0.0,0.07,Low,0.49,23.25,9.59,5 AM - 7 AM,5,2024-04-09,proxy,0.0,1.0,0.0,0.0,0.0,0.0,0.0,False,CAR,WRONG PARKING,112,89.0,0.02,0.0,0.0,0.0,0.02,0.01
H280,Unmapped Location,Jalahalli,13.055022,77.534834,0.0,0.0,0.08,Low,0.99,22.32,9.52,5 AM - 7 AM,5,2024-04-09,proxy,0.0,1.0,0.0,0.0,0.0,0.0,0.0,False,SCOOTER,WRONG PARKING,112,73.0,0.02,0.0,0.0,0.0,0.02,0.15
H252,Unmapped Location,Peenya,13.035724,77.514173,0.0,0.0,0.08,Low,2.46,19.36,9.22,5 AM - 7 AM,5,2024-04-09,proxy,0.0,1.0,0.0,0.0,0.0,0.0,0.0,False,CAR,NO PARKING,113,45.0,0.01,0.0,0.0,0.0,0.01,0.11
H98,Unmapped Location,Jnanabharathi,12.935499,77.512413,0.0,0.0,0.08,Low,3.45,17.35,9.01,5 AM - 7 AM,5,2024-04-09,proxy,0.0,1.0,0.0,0.0,0.0,0.0,0.0,False,CAR,WRONG PARKING,112,28.0,0.01,0.0,0.0,0.0,0.01,0.11
H221,Unmapped Location,Kamakshipalya,13.014138,77.492155,0.0,0.0,0.08,Low,0.99,21.02,9.0,5 AM - 7 AM,5,2024-04-09,proxy,0.0,1.0,0.0,0.0,0.0,0.0,0.0,False,CAR,WRONG PARKING,112,61.0,0.02,0.0,0.0,0.0,0.02,0.15
H78,Unmapped Location,Banashankari,12.91925,77.542129,0.0,0.0,0.08,Low,3.45,17.21,8.95,5 AM - 7 AM,5,2024-04-09,proxy,0.0,1.0,0.0,0.0,0.0,0.0,0.0,False,PASSENGER AUTO,PARKING IN A MAIN ROAD | WRONG PARKING,107 | 112,27.0,0.01,0.0,0.0,0.0,0.01,0.11
H158,Unmapped Location,Jnanabharathi,12.979683,77.510861,0.0,0.0,0.08,Low,2.96,17.57,8.8,5 AM - 7 AM,5,2024-04-09,proxy,0.0,1.0,0.0,0.0,0.0,0.0,0.0,False,CAR,PARKING IN A MAIN ROAD | NO PARKING,107 | 113,31.0,0.01,0.0,0.0,0.0,0.01,0.11
H308,Unmapped Location,Yelahanka,13.097966,77.567464,0.0,0.0,0.08,Low,2.46,18.21,8.76,5 AM - 7 AM,5,2024-04-09,proxy,0.0,1.0,0.0,0.0,0.0,0.0,0.0,False,SCOOTER,NO PARKING,113,37.0,0.01,0.0,0.0,0.0,0.01,0.11
H194,Unmapped Location,Kamakshipalya,12.999467,77.488738,0.0,0.0,0.08,Low,0.99,20.0,8.59,5 AM - 7 AM,5,2024-04-09,proxy,0.0,1.0,0.0,0.0,0.0,0.0,0.0,False,SCOOTER,WRONG PARKING,112,54.0,0.01,0.0,0.0,0.0,0.01,0.15
H173,Unmapped Location,Kamakshipalya,12.988026,77.47401,0.0,0.0,0.08,Low,1.97,18.13,8.43,5 AM - 7 AM,5,2024-04-09,proxy,0.0,1.0,0.0,0.0,0.0,0.0,0.0,False,SCOOTER,NO PARKING,113,38.0,0.01,0.0,0.0,0.0,0.01,0.15
H264,Unmapped Location,Jalahalli,13.045651,77.548667,0.0,0.0,0.08,Low,0.99,19.43,8.37,5 AM - 7 AM,5,2024-04-09,proxy,0.0,1.0,0.0,0.0,0.0,0.0,0.0,False,CAR,WRONG PARKING | NO PARKING | PARKING ON FOOTPATH,112 | 113 | 105,50.0,0.01,0.0,0.0,0.0,0.01,0.15
H232,Unmapped Location,Yeshwanthpura,13.022795,77.562944,0.0,0.0,0.08,Low,1.48,18.49,8.28,5 AM - 7 AM,5,2024-04-09,proxy,0.0,1.0,0.0,0.0,0.0,0.0,0.0,False,CAR,WRONG PARKING,112,42.0,0.01,0.0,0.0,0.0,0.01,0.1
H300,Unmapped Location,Yelahanka,13.079396,77.559045,0.0,0.0,0.08,Low,1.48,17.91,8.05,5 AM - 7 AM,5,2024-04-09,proxy,0.0,1.0,0.0,0.0,0.0,0.0,0.0,False,CAR,WRONG PARKING,112,38.0,0.01,0.0,0.0,0.0,0.01,0.11
H254,Unmapped Location,Jalahalli,13.0374,77.535389,0.0,0.0,0.08,Low,1.97,16.83,7.91,5 AM - 7 AM,5,2024-04-09,proxy,0.0,1.0,0.0,0.0,0.0,0.0,0.0,False,CAR,NO PARKING,113,29.0,0.01,0.0,0.0,0.0,0.01,0.15
H168,Unmapped Location,Kamakshipalya,12.985986,77.487645,0.0,0.0,0.08,Low,1.97,16.69,7.86,5 AM - 7 AM,5,2024-04-09,proxy,0.0,1.0,0.0,0.0,0.0,0.0,0.0,False,SCOOTER,NO PARKING,113,28.0,0.01,0.0,0.0,0.0,0.01,0.15
H229,Unmapped Location,Yeshwanthpura,13.021072,77.528485,0.0,0.0,0.08,Low,1.48,17.19,7.76,5 AM - 7 AM,5,2024-04-09,proxy,0.0,1.0,0.0,0.0,0.0,0.0,0.0,False,CAR,WRONG PARKING,112,33.0,0.01,0.0,0.0,0.0,0.01,0.1
H235,Unmapped Location,Peenya,13.025794,77.520294,0.0,0.0,0.08,Low,1.48,17.19,7.76,5 AM - 7 AM,5,2024-04-09,proxy,0.0,1.0,0.0,0.0,0.0,0.0,0.0,False,OTHERS,WRONG PARKING,112,33.0,0.01,0.0,0.0,0.14,0.01,0.11
H271,Unmapped Location,Jalahalli,13.048864,77.547823,0.0,0.0,0.08,Low,0.99,17.69,7.67,5 AM - 7 AM,5,2024-04-09,proxy,0.0,1.0,0.0,0.0,0.0,0.0,0.0,False,CAR,WRONG PARKING | NO PARKING | PARKING IN A MAIN ROAD,112 | 113 | 107,38.0,0.01,0.0,0.0,0.0,0.01,0.15
H239,Unmapped Location,Peenya,13.027937,77.51838,0.0,0.0,0.08,Low,1.48,15.89,7.24,5 AM - 7 AM,5,2024-04-09,proxy,0.0,1.0,0.0,0.0,0.0,0.0,0.0,False,CAR,WRONG PARKING,112,24.0,0.01,0.0,0.0,0.0,0.01,0.11
H210,Unmapped Location,Kamakshipalya,13.008323,77.484311,0.0,0.0,0.08,Low,0.99,15.24,6.69,5 AM - 7 AM,5,2024-04-09,proxy,0.0,1.0,0.0,0.0,0.0,0.0,0.0,False,SCOOTER,WRONG PARKING,112,21.0,0.01,0.0,0.0,0.0,0.01,0.15
